cluster_a,cluster_b,links,keywords_a,keywords_b
41,51,73,"situação, ocorrida, sobre","mail assunto, email, abaixo"
29,30,46,"detalhamento teste, login, user","composto, estoque, patch documentação"
108,120,36,"distribuição pedidos, vendas distribuição, entrega","ivendre, ios, proposta"
37,71,29,"sobre fpv, perguntou sobre, pessoal perguntou","fpv, preço venda, cálculo"
106,108,28,"reserva, estoque futuro, lote","distribuição pedidos, vendas distribuição, entrega"
82,108,28,"compras, necessidades, cotação","distribuição pedidos, vendas distribuição, entrega"
120,121,26,"ivendre, ios, proposta","android, app, ivendre"
51,52,23,"mail assunto, email, abaixo","descritivos técnicos, doc, curtume"
35,51,23,"ora, consolidar, bolsas operaciones","mail assunto, email, abaixo"
141,144,23,"faturamento, rota, liberação pedidos","faturamento, liberação, estabelecimento"
144,145,23,"faturamento, liberação, estabelecimento","desconto, faturamento, valor"
108,111,22,"distribuição pedidos, vendas distribuição, entrega","importação, edi, arquivo"
11,14,22,"ibs, cbs, alíquota","tag, obrig rejeição, chave acesso"
39,51,22,"tablas, schneider, una","mail assunto, email, abaixo"
40,51,22,"carta correção, mail assunto, nfs","mail assunto, email, abaixo"
78,82,22,"plano produção, projeção, necessidades","compras, necessidades, cotação"
57,58,21,"materiais, material, componente","engenharia, estruturação produto, desenvolvimento produto"
46,47,20,"relatório, resumo produção, apontamento rótulos","importação, fiscais, notas"
82,83,20,"compras, necessidades, cotação","pré, recebimento, pre"
60,61,20,"armazenagem, local, lotes","painel, web, embalagem"
120,125,20,"ivendre, ios, proposta","representante, entrega, carrinho"
28,51,19,"medidora, está lendo, barras","mail assunto, email, abaixo"
41,44,19,"situação, ocorrida, sobre","rotativo inventario, relatório posição, controle rotativo"
55,56,19,"conjunto, marca, produto acabado","marca, embalagem, conjunto"
95,96,18,"sql, movimento, estoque","select, código, sql"
45,47,18,"relatório, ordens fabricação, resumo cadastro","importação, fiscais, notas"
82,134,18,"compras, necessidades, cotação","abastecimento, suprimentos planejamento, materiais"
45,46,17,"relatório, ordens fabricação, resumo cadastro","relatório, resumo produção, apontamento rótulos"
146,147,17,"recebimento notas, fiscal, suprimentos recebimento","importação notas, fiscais importação, entrada xml"
125,126,16,"representante, entrega, carrinho","desconto, comissão, regra"
48,51,16,"sobre destaque, aparece venda, precisa habilitar","mail assunto, email, abaixo"
76,92,16,"qtde, medição, metragem","formula, tinta, materiais"
13,14,16,"evento, autor, leiaute","tag, obrig rejeição, chave acesso"
44,45,16,"rotativo inventario, relatório posição, controle rotativo","relatório, ordens fabricação, resumo cadastro"
25,51,16,"patchs, pegada, frigolaste","mail assunto, email, abaixo"
78,119,16,"plano produção, projeção, necessidades","mestre produção, plano mestre, manufatura plano"
142,143,16,"fiscais, notas, fiscal saída","danfe, monitor, fiscais"
111,125,15,"importação, edi, arquivo","representante, entrega, carrinho"
39,75,15,"tablas, schneider, una","select, código, tabela"
116,117,15,"processo, recurso, relatório","cartão, emissão, componente"
70,71,15,"custeio, custo, mês","fpv, preço venda, cálculo"
141,142,15,"faturamento, rota, liberação pedidos","fiscais, notas, fiscal saída"
55,57,14,"conjunto, marca, produto acabado","materiais, material, componente"
35,98,14,"ora, consolidar, bolsas operaciones","ora, mensagem, erro"
3,11,14,"cbs, ibs, monofásica","ibs, cbs, alíquota"
91,130,13,"localização, estoque, reserva","consignação, depósito, operação"
75,97,13,"select, código, tabela","planejamento, ofs, planos"
68,70,13,"custeio, soubach, couro","custeio, custo, mês"
40,136,13,"carta correção, mail assunto, nfs","entrada, chave, smart"
108,145,13,"distribuição pedidos, vendas distribuição, entrega","desconto, faturamento, valor"
43,51,13,"link, http, kunden senha","mail assunto, email, abaixo"
20,116,13,"carteira, análise, representante","processo, recurso, relatório"
1,2,12,"nao, dito, deve","revisão, bônus, fracionamento"
124,125,12,"ivendre, fotos, ios","representante, entrega, carrinho"
56,57,12,"marca, embalagem, conjunto","materiais, material, componente"
29,71,12,"detalhamento teste, login, user","fpv, preço venda, cálculo"
131,132,12,"retorno, industrialização, deposito","retorno remessa, recebimento, industrialização"
129,132,12,"remessa, industrialização, retorno","retorno remessa, recebimento, industrialização"
15,61,11,"contra nota, abate, gera contra","painel, web, embalagem"
92,122,11,"formula, tinta, materiais","pesagem, compensação, ofs"
123,129,11,"abastecimento, ofs, consumo","remessa, industrialização, retorno"
136,140,11,"entrada, chave, smart","sefaz, receita, notas"
84,85,11,"lotes, painel, fracionar","localização, futuro, estoque"
12,62,11,"manutenção, preventiva, maquina","manutenção industrial, transferência, máquina"
8,9,10,"doccob, transportadora, conhecimento","codex, clipboard, png"
22,29,10,"saldo saldo, alterado, prev","detalhamento teste, login, user"
122,133,10,"pesagem, compensação, ofs","requisição, centro custo, baixa"
109,110,10,"cri, inventariado, inventário","suprimentos estoque, estoque produto, consulta estoque"
37,51,10,"sobre fpv, perguntou sobre, pessoal perguntou","mail assunto, email, abaixo"
129,131,10,"remessa, industrialização, retorno","retorno, industrialização, deposito"
93,118,10,"semi, acabado, ofs","planejamento, minutos, turno"
108,121,10,"distribuição pedidos, vendas distribuição, entrega","android, app, ivendre"
69,138,10,"arezzo, importação, romaneio","faturamento, liberação, encaixotamento"
41,45,9,"situação, ocorrida, sobre","relatório, ordens fabricação, resumo cadastro"
49,100,9,"corrugado, rótulos, corrugada","lote, balanceado, quantidade"
25,26,9,"patchs, pegada, frigolaste","aplicar regra, venda documentação, produtos sku"
74,117,9,"etiqueta, emissão, unidade produto","cartão, emissão, componente"
115,116,9,"rendimento, custo, listar","processo, recurso, relatório"
59,141,9,"romaneio, saída, faturamento","faturamento, rota, liberação pedidos"
25,41,9,"patchs, pegada, frigolaste","situação, ocorrida, sobre"
114,118,9,"fabricação, ordem, ordens","planejamento, minutos, turno"
64,70,9,"produtos fabricação, mês, geração produtos","custeio, custo, mês"
133,134,9,"requisição, centro custo, baixa","abastecimento, suprimentos planejamento, materiais"
65,66,9,"ticket, una, proceso","satra, arquivo, ticket"
139,145,9,"crédito, risco, analise","desconto, faturamento, valor"
113,118,9,"meta, planejamento, recurso","planejamento, minutos, turno"
32,49,9,"rótulos, armazenamento, unidades","corrugado, rótulos, corrugada"
23,51,9,"logs, job, tabelas","mail assunto, email, abaixo"
80,81,9,"cep, lançamento, controle indicador","inspeção, amostragem, aprovação"
121,124,8,"android, app, ivendre","ivendre, fotos, ios"
98,127,8,"ora, mensagem, erro","kunden systems, marcio, systems convidado"
92,93,8,"formula, tinta, materiais","semi, acabado, ofs"
53,82,8,"lote mínimo, mínimo compra, qtde","compras, necessidades, cotação"
80,129,8,"cep, lançamento, controle indicador","remessa, industrialização, retorno"
75,96,8,"select, código, tabela","select, código, sql"
80,91,8,"cep, lançamento, controle indicador","localização, estoque, reserva"
61,74,8,"painel, web, embalagem","etiqueta, emissão, unidade produto"
115,117,8,"rendimento, custo, listar","cartão, emissão, componente"
99,104,8,"multitarefa, cep, apontamento","apontamento, funcionário, desvio processo"
123,134,8,"abastecimento, ofs, consumo","abastecimento, suprimentos planejamento, materiais"
51,65,8,"mail assunto, email, abaixo","ticket, una, proceso"
78,93,8,"plano produção, projeção, necessidades","semi, acabado, ofs"
27,138,8,"caixas, aproveitamento, lote","faturamento, liberação, encaixotamento"
76,123,8,"qtde, medição, metragem","abastecimento, ofs, consumo"
78,97,8,"plano produção, projeção, necessidades","planejamento, ofs, planos"
60,84,8,"armazenagem, local, lotes","lotes, painel, fracionar"
40,129,8,"carta correção, mail assunto, nfs","remessa, industrialização, retorno"
51,55,8,"mail assunto, email, abaixo","conjunto, marca, produto acabado"
94,121,8,"vendas, planejamento, distribuição","android, app, ivendre"
12,23,8,"manutenção, preventiva, maquina","logs, job, tabelas"
120,124,8,"ivendre, ios, proposta","ivendre, fotos, ios"
20,145,8,"carteira, análise, representante","desconto, faturamento, valor"
41,75,8,"situação, ocorrida, sobre","select, código, tabela"
62,129,8,"manutenção industrial, transferência, máquina","remessa, industrialização, retorno"
29,41,8,"detalhamento teste, login, user","situação, ocorrida, sobre"
129,130,7,"remessa, industrialização, retorno","consignação, depósito, operação"
51,98,7,"mail assunto, email, abaixo","ora, mensagem, erro"
20,108,7,"carteira, análise, representante","distribuição pedidos, vendas distribuição, entrega"
98,117,7,"ora, mensagem, erro","cartão, emissão, componente"
72,76,7,"largura, equivocada, duramas","qtde, medição, metragem"
51,68,7,"mail assunto, email, abaixo","custeio, soubach, couro"
26,41,7,"aplicar regra, venda documentação, produtos sku","situação, ocorrida, sobre"
91,96,7,"localização, estoque, reserva","select, código, sql"
33,64,7,"conta contábil, produtos fabricação, geração produtos","produtos fabricação, mês, geração produtos"
129,134,7,"remessa, industrialização, retorno","abastecimento, suprimentos planejamento, materiais"
76,97,7,"qtde, medição, metragem","planejamento, ofs, planos"
141,145,7,"faturamento, rota, liberação pedidos","desconto, faturamento, valor"
25,43,7,"patchs, pegada, frigolaste","link, http, kunden senha"
112,113,7,"eficiência, eficiencia, recurso","meta, planejamento, recurso"
67,73,7,"rotulo, ler, caixa","impressora, navegador, impressão"
29,63,7,"detalhamento teste, login, user","grafdil, pessoa, franquia"
51,77,7,"mail assunto, email, abaixo","email, envio, mails"
12,21,7,"manutenção, preventiva, maquina","utilizado, laboratorial, técnica"
76,129,6,"qtde, medição, metragem","remessa, industrialização, retorno"
51,71,6,"mail assunto, email, abaixo","fpv, preço venda, cálculo"
86,122,6,"medida, unidade, qtde","pesagem, compensação, ofs"
51,127,6,"mail assunto, email, abaixo","kunden systems, marcio, systems convidado"
103,117,6,"fábrica lançamentos, apontamento rótulos, manufatura chão","cartão, emissão, componente"
76,86,6,"qtde, medição, metragem","medida, unidade, qtde"
86,104,6,"medida, unidade, qtde","apontamento, funcionário, desvio processo"
99,103,6,"multitarefa, cep, apontamento","fábrica lançamentos, apontamento rótulos, manufatura chão"
64,76,6,"produtos fabricação, mês, geração produtos","qtde, medição, metragem"
41,72,6,"situação, ocorrida, sobre","largura, equivocada, duramas"
41,52,6,"situação, ocorrida, sobre","descritivos técnicos, doc, curtume"
142,146,6,"fiscais, notas, fiscal saída","recebimento notas, fiscal, suprimentos recebimento"
15,146,6,"contra nota, abate, gera contra","recebimento notas, fiscal, suprimentos recebimento"
94,141,6,"vendas, planejamento, distribuição","faturamento, rota, liberação pedidos"
30,95,6,"composto, estoque, patch documentação","sql, movimento, estoque"
139,144,6,"crédito, risco, analise","faturamento, liberação, estabelecimento"
71,108,6,"fpv, preço venda, cálculo","distribuição pedidos, vendas distribuição, entrega"
73,74,6,"impressora, navegador, impressão","etiqueta, emissão, unidade produto"
118,119,6,"planejamento, minutos, turno","mestre produção, plano mestre, manufatura plano"
97,113,6,"planejamento, ofs, planos","meta, planejamento, recurso"
31,61,6,"dígitos, ean, contentor","painel, web, embalagem"
105,106,6,"instrução, embarque, cancelamento saldo","reserva, estoque futuro, lote"
61,94,6,"painel, web, embalagem","vendas, planejamento, distribuição"
71,92,6,"fpv, preço venda, cálculo","formula, tinta, materiais"
24,82,6,"duramas, queda, feira marcio","compras, necessidades, cotação"
108,141,6,"distribuição pedidos, vendas distribuição, entrega","faturamento, rota, liberação pedidos"
108,139,6,"distribuição pedidos, vendas distribuição, entrega","crédito, risco, analise"
26,108,6,"aplicar regra, venda documentação, produtos sku","distribuição pedidos, vendas distribuição, entrega"
23,120,6,"logs, job, tabelas","ivendre, ios, proposta"
24,77,6,"duramas, queda, feira marcio","email, envio, mails"
15,29,5,"contra nota, abate, gera contra","detalhamento teste, login, user"
6,41,5,"senha, user, acesso base","situação, ocorrida, sobre"
65,75,5,"ticket, una, proceso","select, código, tabela"
44,46,5,"rotativo inventario, relatório posição, controle rotativo","relatório, resumo produção, apontamento rótulos"
58,117,5,"engenharia, estruturação produto, desenvolvimento produto","cartão, emissão, componente"
24,58,5,"duramas, queda, feira marcio","engenharia, estruturação produto, desenvolvimento produto"
103,104,5,"fábrica lançamentos, apontamento rótulos, manufatura chão","apontamento, funcionário, desvio processo"
61,80,5,"painel, web, embalagem","cep, lançamento, controle indicador"
87,119,5,"fábrica lançamentos, lançamentos apontamento, apontamento ordem","mestre produção, plano mestre, manufatura plano"
51,129,5,"mail assunto, email, abaixo","remessa, industrialização, retorno"
68,76,5,"custeio, soubach, couro","qtde, medição, metragem"
70,80,5,"custeio, custo, mês","cep, lançamento, controle indicador"
25,52,5,"patchs, pegada, frigolaste","descritivos técnicos, doc, curtume"
59,69,5,"romaneio, saída, faturamento","arezzo, importação, romaneio"
24,51,5,"duramas, queda, feira marcio","mail assunto, email, abaixo"
26,134,5,"aplicar regra, venda documentação, produtos sku","abastecimento, suprimentos planejamento, materiais"
100,119,5,"lote, balanceado, quantidade","mestre produção, plano mestre, manufatura plano"
64,102,5,"produtos fabricação, mês, geração produtos","encerramento, períodos, mês"
47,51,5,"importação, fiscais, notas","mail assunto, email, abaixo"
88,134,5,"flush, back, baixa","abastecimento, suprimentos planejamento, materiais"
116,122,5,"processo, recurso, relatório","pesagem, compensação, ofs"
27,109,5,"caixas, aproveitamento, lote","cri, inventariado, inventário"
78,133,5,"plano produção, projeção, necessidades","requisição, centro custo, baixa"
138,141,5,"faturamento, liberação, encaixotamento","faturamento, rota, liberação pedidos"
19,80,5,"devolução, cep, evento","cep, lançamento, controle indicador"
65,97,5,"ticket, una, proceso","planejamento, ofs, planos"
97,114,5,"planejamento, ofs, planos","fabricação, ordem, ordens"
97,119,5,"planejamento, ofs, planos","mestre produção, plano mestre, manufatura plano"
114,119,5,"fabricação, ordem, ordens","mestre produção, plano mestre, manufatura plano"
17,111,5,"gtin, ean, txt","importação, edi, arquivo"
117,129,5,"cartão, emissão, componente","remessa, industrialização, retorno"
51,67,5,"mail assunto, email, abaixo","rotulo, ler, caixa"
26,51,5,"aplicar regra, venda documentação, produtos sku","mail assunto, email, abaixo"
61,141,5,"painel, web, embalagem","faturamento, rota, liberação pedidos"
94,101,5,"vendas, planejamento, distribuição","planejamento vendas, estoque, entrega"
26,120,5,"aplicar regra, venda documentação, produtos sku","ivendre, ios, proposta"
111,126,5,"importação, edi, arquivo","desconto, comissão, regra"
65,77,5,"ticket, una, proceso","email, envio, mails"
29,77,5,"detalhamento teste, login, user","email, envio, mails"
20,29,5,"carteira, análise, representante","detalhamento teste, login, user"
29,54,5,"detalhamento teste, login, user","cnpj, jurídicas, pessoas"
112,118,5,"eficiência, eficiencia, recurso","planejamento, minutos, turno"
12,51,5,"manutenção, preventiva, maquina","mail assunto, email, abaixo"
69,111,5,"arezzo, importação, romaneio","importação, edi, arquivo"
1,139,4,"nao, dito, deve","crédito, risco, analise"
5,6,4,"reg, status notas, filler","senha, user, acesso base"
29,137,4,"detalhamento teste, login, user","icms, sped, fiscal"
137,147,4,"icms, sped, fiscal","importação notas, fiscais importação, entrada xml"
21,71,4,"utilizado, laboratorial, técnica","fpv, preço venda, cálculo"
23,77,4,"logs, job, tabelas","email, envio, mails"
22,97,4,"saldo saldo, alterado, prev","planejamento, ofs, planos"
49,58,4,"corrugado, rótulos, corrugada","engenharia, estruturação produto, desenvolvimento produto"
50,58,4,"características, categoria, configuração","engenharia, estruturação produto, desenvolvimento produto"
76,93,4,"qtde, medição, metragem","semi, acabado, ofs"
32,103,4,"rótulos, armazenamento, unidades","fábrica lançamentos, apontamento rótulos, manufatura chão"
87,103,4,"fábrica lançamentos, lançamentos apontamento, apontamento ordem","fábrica lançamentos, apontamento rótulos, manufatura chão"
76,80,4,"qtde, medição, metragem","cep, lançamento, controle indicador"
87,95,4,"fábrica lançamentos, lançamentos apontamento, apontamento ordem","sql, movimento, estoque"
80,87,4,"cep, lançamento, controle indicador","fábrica lançamentos, lançamentos apontamento, apontamento ordem"
38,87,4,"moeda, cotação, cotações","fábrica lançamentos, lançamentos apontamento, apontamento ordem"
86,123,4,"medida, unidade, qtde","abastecimento, ofs, consumo"
41,92,4,"situação, ocorrida, sobre","formula, tinta, materiais"
122,123,4,"pesagem, compensação, ofs","abastecimento, ofs, consumo"
33,86,4,"conta contábil, produtos fabricação, geração produtos","medida, unidade, qtde"
80,104,4,"cep, lançamento, controle indicador","apontamento, funcionário, desvio processo"
95,136,4,"sql, movimento, estoque","entrada, chave, smart"
92,97,4,"formula, tinta, materiais","planejamento, ofs, planos"
65,72,4,"ticket, una, proceso","largura, equivocada, duramas"
51,97,4,"mail assunto, email, abaixo","planejamento, ofs, planos"
41,129,4,"situação, ocorrida, sobre","remessa, industrialização, retorno"
33,68,4,"conta contábil, produtos fabricação, geração produtos","custeio, soubach, couro"
123,133,4,"abastecimento, ofs, consumo","requisição, centro custo, baixa"
70,102,4,"custeio, custo, mês","encerramento, períodos, mês"
119,134,4,"mestre produção, plano mestre, manufatura plano","abastecimento, suprimentos planejamento, materiais"
72,134,4,"largura, equivocada, duramas","abastecimento, suprimentos planejamento, materiais"
34,96,4,"labelli, pegada, estava","select, código, sql"
140,143,4,"sefaz, receita, notas","danfe, monitor, fiscais"
40,48,4,"carta correção, mail assunto, nfs","sobre destaque, aparece venda, precisa habilitar"
127,128,4,"kunden systems, marcio, systems convidado","schneider, marcio, eunice"
83,146,4,"pré, recebimento, pre","recebimento notas, fiscal, suprimentos recebimento"
27,116,4,"caixas, aproveitamento, lote","processo, recurso, relatório"
60,89,4,"armazenagem, local, lotes","rótulo, operação, coletor"
101,106,4,"planejamento vendas, estoque, entrega","reserva, estoque futuro, lote"
76,91,4,"qtde, medição, metragem","localização, estoque, reserva"
16,36,4,"controle embarque, embarque web, fiscais controle","embarque, controle, rótulos"
108,142,4,"distribuição pedidos, vendas distribuição, entrega","fiscais, notas, fiscal saída"
51,135,4,"mail assunto, email, abaixo","fornecedor, wagner, nfs"
135,136,4,"fornecedor, wagner, nfs","entrada, chave, smart"
71,129,4,"fpv, preço venda, cálculo","remessa, industrialização, retorno"
59,129,4,"romaneio, saída, faturamento","remessa, industrialização, retorno"
97,118,4,"planejamento, ofs, planos","planejamento, minutos, turno"
113,114,4,"meta, planejamento, recurso","fabricação, ordem, ordens"
93,114,4,"semi, acabado, ofs","fabricação, ordem, ordens"
97,116,4,"planejamento, ofs, planos","processo, recurso, relatório"
23,34,4,"logs, job, tabelas","labelli, pegada, estava"
116,119,4,"processo, recurso, relatório","mestre produção, plano mestre, manufatura plano"
51,117,4,"mail assunto, email, abaixo","cartão, emissão, componente"
58,71,4,"engenharia, estruturação produto, desenvolvimento produto","fpv, preço venda, cálculo"
31,128,4,"dígitos, ean, contentor","schneider, marcio, eunice"
55,125,4,"conjunto, marca, produto acabado","representante, entrega, carrinho"
42,46,4,"relatório plano, plano mestre, mestre produção","relatório, resumo produção, apontamento rótulos"
67,89,4,"rotulo, ler, caixa","rótulo, operação, coletor"
89,125,4,"rótulo, operação, coletor","representante, entrega, carrinho"
84,95,4,"lotes, painel, fracionar","sql, movimento, estoque"
61,109,4,"painel, web, embalagem","cri, inventariado, inventário"
61,133,4,"painel, web, embalagem","requisição, centro custo, baixa"
61,108,4,"painel, web, embalagem","distribuição pedidos, vendas distribuição, entrega"
53,85,4,"lote mínimo, mínimo compra, qtde","localização, futuro, estoque"
105,108,4,"instrução, embarque, cancelamento saldo","distribuição pedidos, vendas distribuição, entrega"
56,125,4,"marca, embalagem, conjunto","representante, entrega, carrinho"
51,72,4,"mail assunto, email, abaixo","largura, equivocada, duramas"
78,139,4,"plano produção, projeção, necessidades","crédito, risco, analise"
94,108,4,"vendas, planejamento, distribuição","distribuição pedidos, vendas distribuição, entrega"
85,106,4,"localização, futuro, estoque","reserva, estoque futuro, lote"
90,129,4,"apontamento, web, coletores","remessa, industrialização, retorno"
90,104,4,"apontamento, web, coletores","apontamento, funcionário, desvio processo"
51,138,4,"mail assunto, email, abaixo","faturamento, liberação, encaixotamento"
78,101,4,"plano produção, projeção, necessidades","planejamento vendas, estoque, entrega"
77,82,4,"email, envio, mails","compras, necessidades, cotação"
79,82,4,"reposição, ponto, estoque segurança","compras, necessidades, cotação"
21,107,4,"utilizado, laboratorial, técnica","operações, propriedade, tempo padrão"
23,108,4,"logs, job, tabelas","distribuição pedidos, vendas distribuição, entrega"
29,112,4,"detalhamento teste, login, user","eficiência, eficiencia, recurso"
88,98,4,"flush, back, baixa","ora, mensagem, erro"
12,98,4,"manutenção, preventiva, maquina","ora, mensagem, erro"
12,94,4,"manutenção, preventiva, maquina","vendas, planejamento, distribuição"
135,142,4,"fornecedor, wagner, nfs","fiscais, notas, fiscal saída"
41,47,4,"situação, ocorrida, sobre","importação, fiscais, notas"
29,92,4,"detalhamento teste, login, user","formula, tinta, materiais"
2,21,3,"revisão, bônus, fracionamento","utilizado, laboratorial, técnica"
2,60,3,"revisão, bônus, fracionamento","armazenagem, local, lotes"
8,71,3,"doccob, transportadora, conhecimento","fpv, preço venda, cálculo"
8,137,3,"doccob, transportadora, conhecimento","icms, sped, fiscal"
58,129,3,"engenharia, estruturação produto, desenvolvimento produto","remessa, industrialização, retorno"
58,100,3,"engenharia, estruturação produto, desenvolvimento produto","lote, balanceado, quantidade"
25,108,3,"patchs, pegada, frigolaste","distribuição pedidos, vendas distribuição, entrega"
117,122,3,"cartão, emissão, componente","pesagem, compensação, ofs"
27,87,3,"caixas, aproveitamento, lote","fábrica lançamentos, lançamentos apontamento, apontamento ordem"
67,74,3,"rotulo, ler, caixa","etiqueta, emissão, unidade produto"
46,51,3,"relatório, resumo produção, apontamento rótulos","mail assunto, email, abaixo"
13,29,3,"evento, autor, leiaute","detalhamento teste, login, user"
86,111,3,"medida, unidade, qtde","importação, edi, arquivo"
76,84,3,"qtde, medição, metragem","lotes, painel, fracionar"
92,115,3,"formula, tinta, materiais","rendimento, custo, listar"
52,68,3,"descritivos técnicos, doc, curtume","custeio, soubach, couro"
76,115,3,"qtde, medição, metragem","rendimento, custo, listar"
107,116,3,"operações, propriedade, tempo padrão","processo, recurso, relatório"
46,52,3,"relatório, resumo produção, apontamento rótulos","descritivos técnicos, doc, curtume"
76,104,3,"qtde, medição, metragem","apontamento, funcionário, desvio processo"
39,41,3,"tablas, schneider, una","situação, ocorrida, sobre"
72,85,3,"largura, equivocada, duramas","localização, futuro, estoque"
68,71,3,"custeio, soubach, couro","fpv, preço venda, cálculo"
130,131,3,"consignação, depósito, operação","retorno, industrialização, deposito"
131,142,3,"retorno, industrialização, deposito","fiscais, notas, fiscal saída"
27,123,3,"caixas, aproveitamento, lote","abastecimento, ofs, consumo"
95,119,3,"sql, movimento, estoque","mestre produção, plano mestre, manufatura plano"
22,39,3,"saldo saldo, alterado, prev","tablas, schneider, una"
93,119,3,"semi, acabado, ofs","mestre produção, plano mestre, manufatura plano"
75,119,3,"select, código, tabela","mestre produção, plano mestre, manufatura plano"
64,68,3,"produtos fabricação, mês, geração produtos","custeio, soubach, couro"
12,102,3,"manutenção, preventiva, maquina","encerramento, períodos, mês"
88,133,3,"flush, back, baixa","requisição, centro custo, baixa"
92,134,3,"formula, tinta, materiais","abastecimento, suprimentos planejamento, materiais"
51,75,3,"mail assunto, email, abaixo","select, código, tabela"
64,75,3,"produtos fabricação, mês, geração produtos","select, código, tabela"
69,98,3,"arezzo, importação, romaneio","ora, mensagem, erro"
131,144,3,"retorno, industrialização, deposito","faturamento, liberação, estabelecimento"
129,136,3,"remessa, industrialização, retorno","entrada, chave, smart"
77,143,3,"email, envio, mails","danfe, monitor, fiscais"
108,146,3,"distribuição pedidos, vendas distribuição, entrega","recebimento notas, fiscal, suprimentos recebimento"
91,95,3,"localização, estoque, reserva","sql, movimento, estoque"
8,143,3,"doccob, transportadora, conhecimento","danfe, monitor, fiscais"
127,136,3,"kunden systems, marcio, systems convidado","entrada, chave, smart"
95,129,3,"sql, movimento, estoque","remessa, industrialização, retorno"
142,147,3,"fiscais, notas, fiscal saída","importação notas, fiscais importação, entrada xml"
29,140,3,"detalhamento teste, login, user","sefaz, receita, notas"
94,142,3,"vendas, planejamento, distribuição","fiscais, notas, fiscal saída"
129,140,3,"remessa, industrialização, retorno","sefaz, receita, notas"
82,133,3,"compras, necessidades, cotação","requisição, centro custo, baixa"
82,119,3,"compras, necessidades, cotação","mestre produção, plano mestre, manufatura plano"
79,134,3,"reposição, ponto, estoque segurança","abastecimento, suprimentos planejamento, materiais"
27,60,3,"caixas, aproveitamento, lote","armazenagem, local, lotes"
55,96,3,"conjunto, marca, produto acabado","select, código, sql"
22,96,3,"saldo saldo, alterado, prev","select, código, sql"
76,88,3,"qtde, medição, metragem","flush, back, baixa"
108,109,3,"distribuição pedidos, vendas distribuição, entrega","cri, inventariado, inventário"
26,145,3,"aplicar regra, venda documentação, produtos sku","desconto, faturamento, valor"
89,138,3,"rótulo, operação, coletor","faturamento, liberação, encaixotamento"
39,96,3,"tablas, schneider, una","select, código, sql"
32,141,3,"rótulos, armazenamento, unidades","faturamento, rota, liberação pedidos"
34,63,3,"labelli, pegada, estava","grafdil, pessoa, franquia"
83,141,3,"pré, recebimento, pre","faturamento, rota, liberação pedidos"
65,95,3,"ticket, una, proceso","sql, movimento, estoque"
77,108,3,"email, envio, mails","distribuição pedidos, vendas distribuição, entrega"
53,79,3,"lote mínimo, mínimo compra, qtde","reposição, ponto, estoque segurança"
4,31,3,"pdv, caixa, kunden","dígitos, ean, contentor"
40,146,3,"carta correção, mail assunto, nfs","recebimento notas, fiscal, suprimentos recebimento"
68,135,3,"custeio, soubach, couro","fornecedor, wagner, nfs"
67,69,3,"rotulo, ler, caixa","arezzo, importação, romaneio"
51,73,3,"mail assunto, email, abaixo","impressora, navegador, impressão"
78,108,3,"plano produção, projeção, necessidades","distribuição pedidos, vendas distribuição, entrega"
78,111,3,"plano produção, projeção, necessidades","importação, edi, arquivo"
35,97,3,"ora, consolidar, bolsas operaciones","planejamento, ofs, planos"
100,116,3,"lote, balanceado, quantidade","processo, recurso, relatório"
34,97,3,"labelli, pegada, estava","planejamento, ofs, planos"
34,135,3,"labelli, pegada, estava","fornecedor, wagner, nfs"
55,92,3,"conjunto, marca, produto acabado","formula, tinta, materiais"
28,69,3,"medidora, está lendo, barras","arezzo, importação, romaneio"
57,117,3,"materiais, material, componente","cartão, emissão, componente"
31,69,3,"dígitos, ean, contentor","arezzo, importação, romaneio"
31,127,3,"dígitos, ean, contentor","kunden systems, marcio, systems convidado"
86,114,3,"medida, unidade, qtde","fabricação, ordem, ordens"
29,117,3,"detalhamento teste, login, user","cartão, emissão, componente"
53,78,3,"lote mínimo, mínimo compra, qtde","plano produção, projeção, necessidades"
82,93,3,"compras, necessidades, cotação","semi, acabado, ofs"
101,108,3,"planejamento vendas, estoque, entrega","distribuição pedidos, vendas distribuição, entrega"
74,111,3,"etiqueta, emissão, unidade produto","importação, edi, arquivo"
76,78,3,"qtde, medição, metragem","plano produção, projeção, necessidades"
86,116,3,"medida, unidade, qtde","processo, recurso, relatório"
51,108,3,"mail assunto, email, abaixo","distribuição pedidos, vendas distribuição, entrega"
61,84,3,"painel, web, embalagem","lotes, painel, fracionar"
29,84,3,"detalhamento teste, login, user","lotes, painel, fracionar"
61,71,3,"painel, web, embalagem","fpv, preço venda, cálculo"
61,101,3,"painel, web, embalagem","planejamento vendas, estoque, entrega"
23,128,3,"logs, job, tabelas","schneider, marcio, eunice"
30,84,3,"composto, estoque, patch documentação","lotes, painel, fracionar"
91,101,3,"localização, estoque, reserva","planejamento vendas, estoque, entrega"
23,61,3,"logs, job, tabelas","painel, web, embalagem"
79,91,3,"reposição, ponto, estoque segurança","localização, estoque, reserva"
44,47,3,"rotativo inventario, relatório posição, controle rotativo","importação, fiscais, notas"
94,119,3,"vendas, planejamento, distribuição","mestre produção, plano mestre, manufatura plano"
34,108,3,"labelli, pegada, estava","distribuição pedidos, vendas distribuição, entrega"
71,93,3,"fpv, preço venda, cálculo","semi, acabado, ofs"
24,108,3,"duramas, queda, feira marcio","distribuição pedidos, vendas distribuição, entrega"
29,105,3,"detalhamento teste, login, user","instrução, embarque, cancelamento saldo"
74,108,3,"etiqueta, emissão, unidade produto","distribuição pedidos, vendas distribuição, entrega"
34,120,3,"labelli, pegada, estava","ivendre, ios, proposta"
120,144,3,"ivendre, ios, proposta","faturamento, liberação, estabelecimento"
108,144,3,"distribuição pedidos, vendas distribuição, entrega","faturamento, liberação, estabelecimento"
34,48,3,"labelli, pegada, estava","sobre destaque, aparece venda, precisa habilitar"
78,116,3,"plano produção, projeção, necessidades","processo, recurso, relatório"
83,108,3,"pré, recebimento, pre","distribuição pedidos, vendas distribuição, entrega"
51,90,3,"mail assunto, email, abaixo","apontamento, web, coletores"
30,125,3,"composto, estoque, patch documentação","representante, entrega, carrinho"
63,125,3,"grafdil, pessoa, franquia","representante, entrega, carrinho"
23,39,3,"logs, job, tabelas","tablas, schneider, una"
20,125,3,"carteira, análise, representante","representante, entrega, carrinho"
112,116,3,"eficiência, eficiencia, recurso","processo, recurso, relatório"
90,103,3,"apontamento, web, coletores","fábrica lançamentos, apontamento rótulos, manufatura chão"
41,117,3,"situação, ocorrida, sobre","cartão, emissão, componente"
90,98,3,"apontamento, web, coletores","ora, mensagem, erro"
51,113,3,"mail assunto, email, abaixo","meta, planejamento, recurso"
41,48,3,"situação, ocorrida, sobre","sobre destaque, aparece venda, precisa habilitar"
29,139,3,"detalhamento teste, login, user","crédito, risco, analise"
126,145,3,"desconto, comissão, regra","desconto, faturamento, valor"
39,83,3,"tablas, schneider, una","pré, recebimento, pre"
71,82,3,"fpv, preço venda, cálculo","compras, necessidades, cotação"
82,111,3,"compras, necessidades, cotação","importação, edi, arquivo"
77,128,3,"email, envio, mails","schneider, marcio, eunice"
12,63,3,"manutenção, preventiva, maquina","grafdil, pessoa, franquia"
54,102,3,"cnpj, jurídicas, pessoas","encerramento, períodos, mês"
107,114,3,"operações, propriedade, tempo padrão","fabricação, ordem, ordens"
41,43,3,"situação, ocorrida, sobre","link, http, kunden senha"
95,112,3,"sql, movimento, estoque","eficiência, eficiencia, recurso"
97,98,3,"planejamento, ofs, planos","ora, mensagem, erro"
62,98,3,"manutenção industrial, transferência, máquina","ora, mensagem, erro"
44,51,3,"rotativo inventario, relatório posição, controle rotativo","mail assunto, email, abaixo"
12,107,3,"manutenção, preventiva, maquina","operações, propriedade, tempo padrão"
6,47,3,"senha, user, acesso base","importação, fiscais, notas"
23,41,3,"logs, job, tabelas","situação, ocorrida, sobre"
21,57,2,"utilizado, laboratorial, técnica","materiais, material, componente"
21,29,2,"utilizado, laboratorial, técnica","detalhamento teste, login, user"
21,122,2,"utilizado, laboratorial, técnica","pesagem, compensação, ofs"
21,104,2,"utilizado, laboratorial, técnica","apontamento, funcionário, desvio processo"
21,82,2,"utilizado, laboratorial, técnica","compras, necessidades, cotação"
55,71,2,"conjunto, marca, produto acabado","fpv, preço venda, cálculo"
71,137,2,"fpv, preço venda, cálculo","icms, sped, fiscal"
137,146,2,"icms, sped, fiscal","recebimento notas, fiscal, suprimentos recebimento"
65,92,2,"ticket, una, proceso","formula, tinta, materiais"
57,107,2,"materiais, material, componente","operações, propriedade, tempo padrão"
35,127,2,"ora, consolidar, bolsas operaciones","kunden systems, marcio, systems convidado"
100,104,2,"lote, balanceado, quantidade","apontamento, funcionário, desvio processo"
57,71,2,"materiais, material, componente","fpv, preço venda, cálculo"
41,50,2,"situação, ocorrida, sobre","características, categoria, configuração"
85,96,2,"localização, futuro, estoque","select, código, sql"
9,29,2,"codex, clipboard, png","detalhamento teste, login, user"
29,87,2,"detalhamento teste, login, user","fábrica lançamentos, lançamentos apontamento, apontamento ordem"
27,86,2,"caixas, aproveitamento, lote","medida, unidade, qtde"
72,80,2,"largura, equivocada, duramas","cep, lançamento, controle indicador"
76,122,2,"qtde, medição, metragem","pesagem, compensação, ofs"
19,51,2,"devolução, cep, evento","mail assunto, email, abaixo"
66,86,2,"satra, arquivo, ticket","medida, unidade, qtde"
29,76,2,"detalhamento teste, login, user","qtde, medição, metragem"
90,117,2,"apontamento, web, coletores","cartão, emissão, componente"
68,121,2,"custeio, soubach, couro","android, app, ivendre"
52,70,2,"descritivos técnicos, doc, curtume","custeio, custo, mês"
80,86,2,"cep, lançamento, controle indicador","medida, unidade, qtde"
47,52,2,"importação, fiscais, notas","descritivos técnicos, doc, curtume"
71,78,2,"fpv, preço venda, cálculo","plano produção, projeção, necessidades"
80,135,2,"cep, lançamento, controle indicador","fornecedor, wagner, nfs"
114,117,2,"fabricação, ordem, ordens","cartão, emissão, componente"
86,129,2,"medida, unidade, qtde","remessa, industrialização, retorno"
104,129,2,"apontamento, funcionário, desvio processo","remessa, industrialização, retorno"
86,99,2,"medida, unidade, qtde","multitarefa, cep, apontamento"
80,99,2,"cep, lançamento, controle indicador","multitarefa, cep, apontamento"
76,130,2,"qtde, medição, metragem","consignação, depósito, operação"
35,76,2,"ora, consolidar, bolsas operaciones","qtde, medição, metragem"
95,106,2,"sql, movimento, estoque","reserva, estoque futuro, lote"
96,97,2,"select, código, sql","planejamento, ofs, planos"
131,146,2,"retorno, industrialização, deposito","recebimento notas, fiscal, suprimentos recebimento"
110,134,2,"suprimentos estoque, estoque produto, consulta estoque","abastecimento, suprimentos planejamento, materiais"
49,97,2,"corrugado, rótulos, corrugada","planejamento, ofs, planos"
69,96,2,"arezzo, importação, romaneio","select, código, sql"
114,116,2,"fabricação, ordem, ordens","processo, recurso, relatório"
78,100,2,"plano produção, projeção, necessidades","lote, balanceado, quantidade"
27,100,2,"caixas, aproveitamento, lote","lote, balanceado, quantidade"
51,64,2,"mail assunto, email, abaixo","produtos fabricação, mês, geração produtos"
33,110,2,"conta contábil, produtos fabricação, geração produtos","suprimentos estoque, estoque produto, consulta estoque"
95,102,2,"sql, movimento, estoque","encerramento, períodos, mês"
91,102,2,"localização, estoque, reserva","encerramento, períodos, mês"
33,80,2,"conta contábil, produtos fabricação, geração produtos","cep, lançamento, controle indicador"
65,133,2,"ticket, una, proceso","requisição, centro custo, baixa"
72,84,2,"largura, equivocada, duramas","lotes, painel, fracionar"
82,110,2,"compras, necessidades, cotação","suprimentos estoque, estoque produto, consulta estoque"
95,134,2,"sql, movimento, estoque","abastecimento, suprimentos planejamento, materiais"
76,101,2,"qtde, medição, metragem","planejamento vendas, estoque, entrega"
20,41,2,"carteira, análise, representante","situação, ocorrida, sobre"
69,136,2,"arezzo, importação, romaneio","entrada, chave, smart"
135,140,2,"fornecedor, wagner, nfs","sefaz, receita, notas"
85,95,2,"localização, futuro, estoque","sql, movimento, estoque"
75,95,2,"select, código, tabela","sql, movimento, estoque"
140,146,2,"sefaz, receita, notas","recebimento notas, fiscal, suprimentos recebimento"
87,140,2,"fábrica lançamentos, lançamentos apontamento, apontamento ordem","sefaz, receita, notas"
107,136,2,"operações, propriedade, tempo padrão","entrada, chave, smart"
128,136,2,"schneider, marcio, eunice","entrada, chave, smart"
140,147,2,"sefaz, receita, notas","importação notas, fiscais importação, entrada xml"
62,127,2,"manutenção industrial, transferência, máquina","kunden systems, marcio, systems convidado"
19,136,2,"devolução, cep, evento","entrada, chave, smart"
29,55,2,"detalhamento teste, login, user","conjunto, marca, produto acabado"
54,77,2,"cnpj, jurídicas, pessoas","email, envio, mails"
18,35,2,"recálculo, custeio, controladoria custos","ora, consolidar, bolsas operaciones"
72,98,2,"largura, equivocada, duramas","ora, mensagem, erro"
41,60,2,"situação, ocorrida, sobre","armazenagem, local, lotes"
32,60,2,"rótulos, armazenamento, unidades","armazenagem, local, lotes"
60,130,2,"armazenagem, local, lotes","consignação, depósito, operação"
57,133,2,"materiais, material, componente","requisição, centro custo, baixa"
96,144,2,"select, código, sql","faturamento, liberação, estabelecimento"
131,141,2,"retorno, industrialização, deposito","faturamento, rota, liberação pedidos"
36,138,2,"embarque, controle, rótulos","faturamento, liberação, encaixotamento"
36,105,2,"embarque, controle, rótulos","instrução, embarque, cancelamento saldo"
35,40,2,"ora, consolidar, bolsas operaciones","carta correção, mail assunto, nfs"
19,130,2,"devolução, cep, evento","consignação, depósito, operação"
30,32,2,"composto, estoque, patch documentação","rótulos, armazenamento, unidades"
62,142,2,"manutenção industrial, transferência, máquina","fiscais, notas, fiscal saída"
136,146,2,"entrada, chave, smart","recebimento notas, fiscal, suprimentos recebimento"
40,68,2,"carta correção, mail assunto, nfs","custeio, soubach, couro"
131,137,2,"retorno, industrialização, deposito","icms, sped, fiscal"
19,82,2,"devolução, cep, evento","compras, necessidades, cotação"
41,97,2,"situação, ocorrida, sobre","planejamento, ofs, planos"
119,123,2,"mestre produção, plano mestre, manufatura plano","abastecimento, ofs, consumo"
51,119,2,"mail assunto, email, abaixo","mestre produção, plano mestre, manufatura plano"
75,134,2,"select, código, tabela","abastecimento, suprimentos planejamento, materiais"
113,119,2,"meta, planejamento, recurso","mestre produção, plano mestre, manufatura plano"
22,75,2,"saldo saldo, alterado, prev","select, código, tabela"
42,51,2,"relatório plano, plano mestre, mestre produção","mail assunto, email, abaixo"
67,138,2,"rotulo, ler, caixa","faturamento, liberação, encaixotamento"
31,51,2,"dígitos, ean, contentor","mail assunto, email, abaixo"
17,31,2,"gtin, ean, txt","dígitos, ean, contentor"
17,69,2,"gtin, ean, txt","arezzo, importação, romaneio"
17,141,2,"gtin, ean, txt","faturamento, rota, liberação pedidos"
42,58,2,"relatório plano, plano mestre, mestre produção","engenharia, estruturação produto, desenvolvimento produto"
25,39,2,"patchs, pegada, frigolaste","tablas, schneider, una"
108,117,2,"distribuição pedidos, vendas distribuição, entrega","cartão, emissão, componente"
32,117,2,"rótulos, armazenamento, unidades","cartão, emissão, componente"
76,117,2,"qtde, medição, metragem","cartão, emissão, componente"
64,117,2,"produtos fabricação, mês, geração produtos","cartão, emissão, componente"
70,79,2,"custeio, custo, mês","reposição, ponto, estoque segurança"
28,67,2,"medidora, está lendo, barras","rotulo, ler, caixa"
17,30,2,"gtin, ean, txt","composto, estoque, patch documentação"
74,135,2,"etiqueta, emissão, unidade produto","fornecedor, wagner, nfs"
89,106,2,"rótulo, operação, coletor","reserva, estoque futuro, lote"
27,76,2,"caixas, aproveitamento, lote","qtde, medição, metragem"
41,89,2,"situação, ocorrida, sobre","rótulo, operação, coletor"
64,65,2,"produtos fabricação, mês, geração produtos","ticket, una, proceso"
29,58,2,"detalhamento teste, login, user","engenharia, estruturação produto, desenvolvimento produto"
32,58,2,"rótulos, armazenamento, unidades","engenharia, estruturação produto, desenvolvimento produto"
32,108,2,"rótulos, armazenamento, unidades","distribuição pedidos, vendas distribuição, entrega"
52,122,2,"descritivos técnicos, doc, curtume","pesagem, compensação, ofs"
33,133,2,"conta contábil, produtos fabricação, geração produtos","requisição, centro custo, baixa"
90,109,2,"apontamento, web, coletores","cri, inventariado, inventário"
15,80,2,"contra nota, abate, gera contra","cep, lançamento, controle indicador"
15,19,2,"contra nota, abate, gera contra","devolução, cep, evento"
34,106,2,"labelli, pegada, estava","reserva, estoque futuro, lote"
16,141,2,"controle embarque, embarque web, fiscais controle","faturamento, rota, liberação pedidos"
51,61,2,"mail assunto, email, abaixo","painel, web, embalagem"
61,91,2,"painel, web, embalagem","localização, estoque, reserva"
39,65,2,"tablas, schneider, una","ticket, una, proceso"
61,87,2,"painel, web, embalagem","fábrica lançamentos, lançamentos apontamento, apontamento ordem"
31,84,2,"dígitos, ean, contentor","lotes, painel, fracionar"
35,106,2,"ora, consolidar, bolsas operaciones","reserva, estoque futuro, lote"
91,109,2,"localização, estoque, reserva","cri, inventariado, inventário"
91,105,2,"localização, estoque, reserva","instrução, embarque, cancelamento saldo"
84,87,2,"lotes, painel, fracionar","fábrica lançamentos, lançamentos apontamento, apontamento ordem"
84,91,2,"lotes, painel, fracionar","localização, estoque, reserva"
91,94,2,"localização, estoque, reserva","vendas, planejamento, distribuição"
101,125,2,"planejamento vendas, estoque, entrega","representante, entrega, carrinho"
34,51,2,"labelli, pegada, estava","mail assunto, email, abaixo"
79,109,2,"reposição, ponto, estoque segurança","cri, inventariado, inventário"
15,76,2,"contra nota, abate, gera contra","qtde, medição, metragem"
19,41,2,"devolução, cep, evento","situação, ocorrida, sobre"
88,129,2,"flush, back, baixa","remessa, industrialização, retorno"
71,83,2,"fpv, preço venda, cálculo","pré, recebimento, pre"
70,146,2,"custeio, custo, mês","recebimento notas, fiscal, suprimentos recebimento"
41,71,2,"situação, ocorrida, sobre","fpv, preço venda, cálculo"
71,76,2,"fpv, preço venda, cálculo","qtde, medição, metragem"
92,142,2,"formula, tinta, materiais","fiscais, notas, fiscal saída"
7,41,2,"gera emissão, emissão rótulo, rótulo unidade","situação, ocorrida, sobre"
106,109,2,"reserva, estoque futuro, lote","cri, inventariado, inventário"
93,108,2,"semi, acabado, ofs","distribuição pedidos, vendas distribuição, entrega"
89,108,2,"rótulo, operação, coletor","distribuição pedidos, vendas distribuição, entrega"
105,119,2,"instrução, embarque, cancelamento saldo","mestre produção, plano mestre, manufatura plano"
30,105,2,"composto, estoque, patch documentação","instrução, embarque, cancelamento saldo"
98,99,2,"ora, mensagem, erro","multitarefa, cep, apontamento"
106,111,2,"reserva, estoque futuro, lote","importação, edi, arquivo"
16,105,2,"controle embarque, embarque web, fiscais controle","instrução, embarque, cancelamento saldo"
105,138,2,"instrução, embarque, cancelamento saldo","faturamento, liberação, encaixotamento"
101,105,2,"planejamento vendas, estoque, entrega","instrução, embarque, cancelamento saldo"
72,105,2,"largura, equivocada, duramas","instrução, embarque, cancelamento saldo"
51,124,2,"mail assunto, email, abaixo","ivendre, fotos, ios"
106,125,2,"reserva, estoque futuro, lote","representante, entrega, carrinho"
29,108,2,"detalhamento teste, login, user","distribuição pedidos, vendas distribuição, entrega"
108,119,2,"distribuição pedidos, vendas distribuição, entrega","mestre produção, plano mestre, manufatura plano"
27,108,2,"caixas, aproveitamento, lote","distribuição pedidos, vendas distribuição, entrega"
87,90,2,"fábrica lançamentos, lançamentos apontamento, apontamento ordem","apontamento, web, coletores"
90,116,2,"apontamento, web, coletores","processo, recurso, relatório"
29,120,2,"detalhamento teste, login, user","ivendre, ios, proposta"
23,63,2,"logs, job, tabelas","grafdil, pessoa, franquia"
138,145,2,"faturamento, liberação, encaixotamento","desconto, faturamento, valor"
29,43,2,"detalhamento teste, login, user","link, http, kunden senha"
20,73,2,"carteira, análise, representante","impressora, navegador, impressão"
12,41,2,"manutenção, preventiva, maquina","situação, ocorrida, sobre"
81,99,2,"inspeção, amostragem, aprovação","multitarefa, cep, apontamento"
29,36,2,"detalhamento teste, login, user","embarque, controle, rótulos"
82,144,2,"compras, necessidades, cotação","faturamento, liberação, estabelecimento"
48,145,2,"sobre destaque, aparece venda, precisa habilitar","desconto, faturamento, valor"
53,65,2,"lote mínimo, mínimo compra, qtde","ticket, una, proceso"
78,79,2,"plano produção, projeção, necessidades","reposição, ponto, estoque segurança"
65,82,2,"ticket, una, proceso","compras, necessidades, cotação"
51,128,2,"mail assunto, email, abaixo","schneider, marcio, eunice"
29,128,2,"detalhamento teste, login, user","schneider, marcio, eunice"
65,129,2,"ticket, una, proceso","remessa, industrialização, retorno"
29,116,2,"detalhamento teste, login, user","processo, recurso, relatório"
82,129,2,"compras, necessidades, cotação","remessa, industrialização, retorno"
23,29,2,"logs, job, tabelas","detalhamento teste, login, user"
8,21,2,"doccob, transportadora, conhecimento","utilizado, laboratorial, técnica"
23,38,2,"logs, job, tabelas","moeda, cotação, cotações"
5,69,2,"reg, status notas, filler","arezzo, importação, romaneio"
5,22,2,"reg, status notas, filler","saldo saldo, alterado, prev"
12,112,2,"manutenção, preventiva, maquina","eficiência, eficiencia, recurso"
76,112,2,"qtde, medição, metragem","eficiência, eficiencia, recurso"
58,107,2,"engenharia, estruturação produto, desenvolvimento produto","operações, propriedade, tempo padrão"
8,23,2,"doccob, transportadora, conhecimento","logs, job, tabelas"
90,108,2,"apontamento, web, coletores","distribuição pedidos, vendas distribuição, entrega"
62,91,2,"manutenção industrial, transferência, máquina","localização, estoque, reserva"
12,71,2,"manutenção, preventiva, maquina","fpv, preço venda, cálculo"
12,108,2,"manutenção, preventiva, maquina","distribuição pedidos, vendas distribuição, entrega"
12,56,2,"manutenção, preventiva, maquina","marca, embalagem, conjunto"
12,28,2,"manutenção, preventiva, maquina","medidora, está lendo, barras"
12,50,2,"manutenção, preventiva, maquina","características, categoria, configuração"
100,108,2,"lote, balanceado, quantidade","distribuição pedidos, vendas distribuição, entrega"
142,145,2,"fiscais, notas, fiscal saída","desconto, faturamento, valor"
12,135,2,"manutenção, preventiva, maquina","fornecedor, wagner, nfs"
10,27,2,"bloco, industrialização, parâmetro","caixas, aproveitamento, lote"
66,93,2,"satra, arquivo, ticket","semi, acabado, ofs"
39,95,2,"tablas, schneider, una","sql, movimento, estoque"
65,134,2,"ticket, una, proceso","abastecimento, suprimentos planejamento, materiais"
65,135,2,"ticket, una, proceso","fornecedor, wagner, nfs"
43,69,2,"link, http, kunden senha","arezzo, importação, romaneio"
69,129,2,"arezzo, importação, romaneio","remessa, industrialização, retorno"
33,99,2,"conta contábil, produtos fabricação, geração produtos","multitarefa, cep, apontamento"
88,122,2,"flush, back, baixa","pesagem, compensação, ofs"
30,33,2,"composto, estoque, patch documentação","conta contábil, produtos fabricação, geração produtos"
6,25,2,"senha, user, acesso base","patchs, pegada, frigolaste"
14,29,2,"tag, obrig rejeição, chave acesso","detalhamento teste, login, user"
1,70,1,"nao, dito, deve","custeio, custo, mês"
1,8,1,"nao, dito, deve","doccob, transportadora, conhecimento"
6,51,1,"senha, user, acesso base","mail assunto, email, abaixo"
11,137,1,"ibs, cbs, alíquota","icms, sped, fiscal"
21,125,1,"utilizado, laboratorial, técnica","representante, entrega, carrinho"
57,122,1,"materiais, material, componente","pesagem, compensação, ofs"
20,21,1,"carteira, análise, representante","utilizado, laboratorial, técnica"
23,47,1,"logs, job, tabelas","importação, fiscais, notas"
23,90,1,"logs, job, tabelas","apontamento, web, coletores"
23,86,1,"logs, job, tabelas","medida, unidade, qtde"
36,125,1,"embarque, controle, rótulos","representante, entrega, carrinho"
36,89,1,"embarque, controle, rótulos","rótulo, operação, coletor"
137,143,1,"icms, sped, fiscal","danfe, monitor, fiscais"
130,137,1,"consignação, depósito, operação","icms, sped, fiscal"
62,137,1,"manutenção industrial, transferência, máquina","icms, sped, fiscal"
64,137,1,"produtos fabricação, mês, geração produtos","icms, sped, fiscal"
55,123,1,"conjunto, marca, produto acabado","abastecimento, ofs, consumo"
58,82,1,"engenharia, estruturação produto, desenvolvimento produto","compras, necessidades, cotação"
55,102,1,"conjunto, marca, produto acabado","encerramento, períodos, mês"
51,57,1,"mail assunto, email, abaixo","materiais, material, componente"
50,51,1,"características, categoria, configuração","mail assunto, email, abaixo"
76,82,1,"qtde, medição, metragem","compras, necessidades, cotação"
75,117,1,"select, código, tabela","cartão, emissão, componente"
57,75,1,"materiais, material, componente","select, código, tabela"
50,61,1,"características, categoria, configuração","painel, web, embalagem"
50,57,1,"características, categoria, configuração","materiais, material, componente"
50,94,1,"características, categoria, configuração","vendas, planejamento, distribuição"
29,65,1,"detalhamento teste, login, user","ticket, una, proceso"
64,98,1,"produtos fabricação, mês, geração produtos","ora, mensagem, erro"
25,83,1,"patchs, pegada, frigolaste","pré, recebimento, pre"
90,99,1,"apontamento, web, coletores","multitarefa, cep, apontamento"
78,118,1,"plano produção, projeção, necessidades","planejamento, minutos, turno"
88,95,1,"flush, back, baixa","sql, movimento, estoque"
76,87,1,"qtde, medição, metragem","fábrica lançamentos, lançamentos apontamento, apontamento ordem"
87,109,1,"fábrica lançamentos, lançamentos apontamento, apontamento ordem","cri, inventariado, inventário"
86,100,1,"medida, unidade, qtde","lote, balanceado, quantidade"
80,95,1,"cep, lançamento, controle indicador","sql, movimento, estoque"
28,80,1,"medidora, está lendo, barras","cep, lançamento, controle indicador"
92,95,1,"formula, tinta, materiais","sql, movimento, estoque"
22,25,1,"saldo saldo, alterado, prev","patchs, pegada, frigolaste"
9,22,1,"codex, clipboard, png","saldo saldo, alterado, prev"
14,47,1,"tag, obrig rejeição, chave acesso","importação, fiscais, notas"
86,117,1,"medida, unidade, qtde","cartão, emissão, componente"
86,133,1,"medida, unidade, qtde","requisição, centro custo, baixa"
76,81,1,"qtde, medição, metragem","inspeção, amostragem, aprovação"
28,76,1,"medidora, está lendo, barras","qtde, medição, metragem"
47,108,1,"importação, fiscais, notas","distribuição pedidos, vendas distribuição, entrega"
20,115,1,"carteira, análise, representante","rendimento, custo, listar"
20,134,1,"carteira, análise, representante","abastecimento, suprimentos planejamento, materiais"
70,122,1,"custeio, custo, mês","pesagem, compensação, ofs"
8,95,1,"doccob, transportadora, conhecimento","sql, movimento, estoque"
95,115,1,"sql, movimento, estoque","rendimento, custo, listar"
68,92,1,"custeio, soubach, couro","formula, tinta, materiais"
115,142,1,"rendimento, custo, listar","fiscais, notas, fiscal saída"
71,142,1,"fpv, preço venda, cálculo","fiscais, notas, fiscal saída"
51,76,1,"mail assunto, email, abaixo","qtde, medição, metragem"
86,115,1,"medida, unidade, qtde","rendimento, custo, listar"
76,118,1,"qtde, medição, metragem","planejamento, minutos, turno"
32,98,1,"rótulos, armazenamento, unidades","ora, mensagem, erro"
122,134,1,"pesagem, compensação, ofs","abastecimento, suprimentos planejamento, materiais"
99,117,1,"multitarefa, cep, apontamento","cartão, emissão, componente"
114,122,1,"fabricação, ordem, ordens","pesagem, compensação, ofs"
104,116,1,"apontamento, funcionário, desvio processo","processo, recurso, relatório"
51,104,1,"mail assunto, email, abaixo","apontamento, funcionário, desvio processo"
92,104,1,"formula, tinta, materiais","apontamento, funcionário, desvio processo"
19,75,1,"devolução, cep, evento","select, código, tabela"
75,118,1,"select, código, tabela","planejamento, minutos, turno"
55,115,1,"conjunto, marca, produto acabado","rendimento, custo, listar"
7,51,1,"gera emissão, emissão rótulo, rótulo unidade","mail assunto, email, abaixo"
76,83,1,"qtde, medição, metragem","pré, recebimento, pre"
65,76,1,"ticket, una, proceso","qtde, medição, metragem"
76,138,1,"qtde, medição, metragem","faturamento, liberação, encaixotamento"
18,52,1,"recálculo, custeio, controladoria custos","descritivos técnicos, doc, curtume"
29,91,1,"detalhamento teste, login, user","localização, estoque, reserva"
26,141,1,"aplicar regra, venda documentação, produtos sku","faturamento, rota, liberação pedidos"
26,83,1,"aplicar regra, venda documentação, produtos sku","pré, recebimento, pre"
123,138,1,"abastecimento, ofs, consumo","faturamento, liberação, encaixotamento"
30,123,1,"composto, estoque, patch documentação","abastecimento, ofs, consumo"
92,123,1,"formula, tinta, materiais","abastecimento, ofs, consumo"
100,114,1,"lote, balanceado, quantidade","fabricação, ordem, ordens"
76,100,1,"qtde, medição, metragem","lote, balanceado, quantidade"
72,100,1,"largura, equivocada, duramas","lote, balanceado, quantidade"
88,123,1,"flush, back, baixa","abastecimento, ofs, consumo"
72,109,1,"largura, equivocada, duramas","cri, inventariado, inventário"
68,103,1,"custeio, soubach, couro","fábrica lançamentos, apontamento rótulos, manufatura chão"
68,86,1,"custeio, soubach, couro","medida, unidade, qtde"
33,70,1,"conta contábil, produtos fabricação, geração produtos","custeio, custo, mês"
25,46,1,"patchs, pegada, frigolaste","relatório, resumo produção, apontamento rótulos"
116,133,1,"processo, recurso, relatório","requisição, centro custo, baixa"
26,110,1,"aplicar regra, venda documentação, produtos sku","suprimentos estoque, estoque produto, consulta estoque"
51,102,1,"mail assunto, email, abaixo","encerramento, períodos, mês"
95,130,1,"sql, movimento, estoque","consignação, depósito, operação"
65,68,1,"ticket, una, proceso","custeio, soubach, couro"
64,130,1,"produtos fabricação, mês, geração produtos","consignação, depósito, operação"
64,71,1,"produtos fabricação, mês, geração produtos","fpv, preço venda, cálculo"
33,104,1,"conta contábil, produtos fabricação, geração produtos","apontamento, funcionário, desvio processo"
64,129,1,"produtos fabricação, mês, geração produtos","remessa, industrialização, retorno"
64,93,1,"produtos fabricação, mês, geração produtos","semi, acabado, ofs"
64,86,1,"produtos fabricação, mês, geração produtos","medida, unidade, qtde"
30,110,1,"composto, estoque, patch documentação","suprimentos estoque, estoque produto, consulta estoque"
76,102,1,"qtde, medição, metragem","encerramento, períodos, mês"
87,96,1,"fábrica lançamentos, lançamentos apontamento, apontamento ordem","select, código, sql"
78,102,1,"plano produção, projeção, necessidades","encerramento, períodos, mês"
122,129,1,"pesagem, compensação, ofs","remessa, industrialização, retorno"
75,92,1,"select, código, tabela","formula, tinta, materiais"
82,109,1,"compras, necessidades, cotação","cri, inventariado, inventário"
18,70,1,"recálculo, custeio, controladoria custos","custeio, custo, mês"
143,147,1,"danfe, monitor, fiscais","importação notas, fiscais importação, entrada xml"
16,140,1,"controle embarque, embarque web, fiscais controle","sefaz, receita, notas"
142,144,1,"fiscais, notas, fiscal saída","faturamento, liberação, estabelecimento"
91,127,1,"localização, estoque, reserva","kunden systems, marcio, systems convidado"
65,127,1,"ticket, una, proceso","kunden systems, marcio, systems convidado"
111,143,1,"importação, edi, arquivo","danfe, monitor, fiscais"
8,111,1,"doccob, transportadora, conhecimento","importação, edi, arquivo"
29,136,1,"detalhamento teste, login, user","entrada, chave, smart"
15,40,1,"contra nota, abate, gera contra","carta correção, mail assunto, nfs"
40,95,1,"carta correção, mail assunto, nfs","sql, movimento, estoque"
33,71,1,"conta contábil, produtos fabricação, geração produtos","fpv, preço venda, cálculo"
128,143,1,"schneider, marcio, eunice","danfe, monitor, fiscais"
29,142,1,"detalhamento teste, login, user","fiscais, notas, fiscal saída"
77,140,1,"email, envio, mails","sefaz, receita, notas"
69,140,1,"arezzo, importação, romaneio","sefaz, receita, notas"
43,136,1,"link, http, kunden senha","entrada, chave, smart"
127,143,1,"kunden systems, marcio, systems convidado","danfe, monitor, fiscais"
130,140,1,"consignação, depósito, operação","sefaz, receita, notas"
14,135,1,"tag, obrig rejeição, chave acesso","fornecedor, wagner, nfs"
70,133,1,"custeio, custo, mês","requisição, centro custo, baixa"
83,134,1,"pré, recebimento, pre","abastecimento, suprimentos planejamento, materiais"
79,110,1,"reposição, ponto, estoque segurança","suprimentos estoque, estoque produto, consulta estoque"
18,134,1,"recálculo, custeio, controladoria custos","abastecimento, suprimentos planejamento, materiais"
115,137,1,"rendimento, custo, listar","icms, sped, fiscal"
104,133,1,"apontamento, funcionário, desvio processo","requisição, centro custo, baixa"
60,90,1,"armazenagem, local, lotes","apontamento, web, coletores"
60,67,1,"armazenagem, local, lotes","rotulo, ler, caixa"
97,133,1,"planejamento, ofs, planos","requisição, centro custo, baixa"
30,133,1,"composto, estoque, patch documentação","requisição, centro custo, baixa"
61,123,1,"painel, web, embalagem","abastecimento, ofs, consumo"
61,89,1,"painel, web, embalagem","rótulo, operação, coletor"
130,138,1,"consignação, depósito, operação","faturamento, liberação, encaixotamento"
120,145,1,"ivendre, ios, proposta","desconto, faturamento, valor"
59,144,1,"romaneio, saída, faturamento","faturamento, liberação, estabelecimento"
34,95,1,"labelli, pegada, estava","sql, movimento, estoque"
16,147,1,"controle embarque, embarque web, fiscais controle","importação notas, fiscais importação, entrada xml"
16,146,1,"controle embarque, embarque web, fiscais controle","recebimento notas, fiscal, suprimentos recebimento"
36,90,1,"embarque, controle, rótulos","apontamento, web, coletores"
4,108,1,"pdv, caixa, kunden","distribuição pedidos, vendas distribuição, entrega"
36,59,1,"embarque, controle, rótulos","romaneio, saída, faturamento"
51,136,1,"mail assunto, email, abaixo","entrada, chave, smart"
144,146,1,"faturamento, liberação, estabelecimento","recebimento notas, fiscal, suprimentos recebimento"
65,81,1,"ticket, una, proceso","inspeção, amostragem, aprovação"
53,95,1,"lote mínimo, mínimo compra, qtde","sql, movimento, estoque"
81,146,1,"inspeção, amostragem, aprovação","recebimento notas, fiscal, suprimentos recebimento"
28,31,1,"medidora, está lendo, barras","dígitos, ean, contentor"
36,140,1,"embarque, controle, rótulos","sefaz, receita, notas"
62,140,1,"manutenção industrial, transferência, máquina","sefaz, receita, notas"
14,140,1,"tag, obrig rejeição, chave acesso","sefaz, receita, notas"
40,140,1,"carta correção, mail assunto, nfs","sefaz, receita, notas"
83,129,1,"pré, recebimento, pre","remessa, industrialização, retorno"
32,59,1,"rótulos, armazenamento, unidades","romaneio, saída, faturamento"
59,142,1,"romaneio, saída, faturamento","fiscais, notas, fiscal saída"
60,73,1,"armazenagem, local, lotes","impressora, navegador, impressão"
59,76,1,"romaneio, saída, faturamento","qtde, medição, metragem"
69,79,1,"arezzo, importação, romaneio","reposição, ponto, estoque segurança"
109,129,1,"cri, inventariado, inventário","remessa, industrialização, retorno"
91,129,1,"localização, estoque, reserva","remessa, industrialização, retorno"
84,96,1,"lotes, painel, fracionar","select, código, sql"
132,146,1,"retorno remessa, recebimento, industrialização","recebimento notas, fiscal, suprimentos recebimento"
141,146,1,"faturamento, rota, liberação pedidos","recebimento notas, fiscal, suprimentos recebimento"
64,97,1,"produtos fabricação, mês, geração produtos","planejamento, ofs, planos"
97,107,1,"planejamento, ofs, planos","operações, propriedade, tempo padrão"
72,97,1,"largura, equivocada, duramas","planejamento, ofs, planos"
97,101,1,"planejamento, ofs, planos","planejamento vendas, estoque, entrega"
97,108,1,"planejamento, ofs, planos","distribuição pedidos, vendas distribuição, entrega"
39,97,1,"tablas, schneider, una","planejamento, ofs, planos"
97,129,1,"planejamento, ofs, planos","remessa, industrialização, retorno"
100,118,1,"lote, balanceado, quantidade","planejamento, minutos, turno"
53,113,1,"lote mínimo, mínimo compra, qtde","meta, planejamento, recurso"
34,79,1,"labelli, pegada, estava","reposição, ponto, estoque segurança"
34,105,1,"labelli, pegada, estava","instrução, embarque, cancelamento saldo"
82,97,1,"compras, necessidades, cotação","planejamento, ofs, planos"
58,92,1,"engenharia, estruturação produto, desenvolvimento produto","formula, tinta, materiais"
75,85,1,"select, código, tabela","localização, futuro, estoque"
55,97,1,"conjunto, marca, produto acabado","planejamento, ofs, planos"
51,92,1,"mail assunto, email, abaixo","formula, tinta, materiais"
75,76,1,"select, código, tabela","qtde, medição, metragem"
72,92,1,"largura, equivocada, duramas","formula, tinta, materiais"
15,141,1,"contra nota, abate, gera contra","faturamento, rota, liberação pedidos"
55,117,1,"conjunto, marca, produto acabado","cartão, emissão, componente"
55,120,1,"conjunto, marca, produto acabado","ivendre, ios, proposta"
49,57,1,"corrugado, rótulos, corrugada","materiais, material, componente"
41,46,1,"situação, ocorrida, sobre","relatório, resumo produção, apontamento rótulos"
31,67,1,"dígitos, ean, contentor","rotulo, ler, caixa"
17,128,1,"gtin, ean, txt","schneider, marcio, eunice"
69,128,1,"arezzo, importação, romaneio","schneider, marcio, eunice"
31,41,1,"dígitos, ean, contentor","situação, ocorrida, sobre"
22,31,1,"saldo saldo, alterado, prev","dígitos, ean, contentor"
21,31,1,"utilizado, laboratorial, técnica","dígitos, ean, contentor"
31,89,1,"dígitos, ean, contentor","rótulo, operação, coletor"
55,58,1,"conjunto, marca, produto acabado","engenharia, estruturação produto, desenvolvimento produto"
57,78,1,"materiais, material, componente","plano produção, projeção, necessidades"
117,119,1,"cartão, emissão, componente","mestre produção, plano mestre, manufatura plano"
87,117,1,"fábrica lançamentos, lançamentos apontamento, apontamento ordem","cartão, emissão, componente"
55,93,1,"conjunto, marca, produto acabado","semi, acabado, ofs"
55,78,1,"conjunto, marca, produto acabado","plano produção, projeção, necessidades"
55,72,1,"conjunto, marca, produto acabado","largura, equivocada, duramas"
55,69,1,"conjunto, marca, produto acabado","arezzo, importação, romaneio"
55,79,1,"conjunto, marca, produto acabado","reposição, ponto, estoque segurança"
58,78,1,"engenharia, estruturação produto, desenvolvimento produto","plano produção, projeção, necessidades"
67,117,1,"rotulo, ler, caixa","cartão, emissão, componente"
93,97,1,"semi, acabado, ofs","planejamento, ofs, planos"
41,118,1,"situação, ocorrida, sobre","planejamento, minutos, turno"
41,123,1,"situação, ocorrida, sobre","abastecimento, ofs, consumo"
97,123,1,"planejamento, ofs, planos","abastecimento, ofs, consumo"
33,76,1,"conta contábil, produtos fabricação, geração produtos","qtde, medição, metragem"
76,95,1,"qtde, medição, metragem","sql, movimento, estoque"
89,111,1,"rótulo, operação, coletor","importação, edi, arquivo"
85,119,1,"localização, futuro, estoque","mestre produção, plano mestre, manufatura plano"
100,123,1,"lote, balanceado, quantidade","abastecimento, ofs, consumo"
78,87,1,"plano produção, projeção, necessidades","fábrica lançamentos, lançamentos apontamento, apontamento ordem"
67,72,1,"rotulo, ler, caixa","largura, equivocada, duramas"
42,47,1,"relatório plano, plano mestre, mestre produção","importação, fiscais, notas"
20,119,1,"carteira, análise, representante","mestre produção, plano mestre, manufatura plano"
51,89,1,"mail assunto, email, abaixo","rótulo, operação, coletor"
117,141,1,"cartão, emissão, componente","faturamento, rota, liberação pedidos"
57,116,1,"materiais, material, componente","processo, recurso, relatório"
70,76,1,"custeio, custo, mês","qtde, medição, metragem"
97,134,1,"planejamento, ofs, planos","abastecimento, suprimentos planejamento, materiais"
36,122,1,"embarque, controle, rótulos","pesagem, compensação, ofs"
32,82,1,"rótulos, armazenamento, unidades","compras, necessidades, cotação"
32,133,1,"rótulos, armazenamento, unidades","requisição, centro custo, baixa"
32,119,1,"rótulos, armazenamento, unidades","mestre produção, plano mestre, manufatura plano"
41,49,1,"situação, ocorrida, sobre","corrugado, rótulos, corrugada"
7,32,1,"gera emissão, emissão rótulo, rótulo unidade","rótulos, armazenamento, unidades"
58,120,1,"engenharia, estruturação produto, desenvolvimento produto","ivendre, ios, proposta"
60,109,1,"armazenagem, local, lotes","cri, inventariado, inventário"
99,109,1,"multitarefa, cep, apontamento","cri, inventariado, inventário"
15,99,1,"contra nota, abate, gera contra","multitarefa, cep, apontamento"
61,119,1,"painel, web, embalagem","mestre produção, plano mestre, manufatura plano"
15,131,1,"contra nota, abate, gera contra","retorno, industrialização, deposito"
53,121,1,"lote mínimo, mínimo compra, qtde","android, app, ivendre"
51,121,1,"mail assunto, email, abaixo","android, app, ivendre"
61,116,1,"painel, web, embalagem","processo, recurso, relatório"
61,145,1,"painel, web, embalagem","desconto, faturamento, valor"
61,134,1,"painel, web, embalagem","abastecimento, suprimentos planejamento, materiais"
84,106,1,"lotes, painel, fracionar","reserva, estoque futuro, lote"
48,84,1,"sobre destaque, aparece venda, precisa habilitar","lotes, painel, fracionar"
41,61,1,"situação, ocorrida, sobre","painel, web, embalagem"
84,101,1,"lotes, painel, fracionar","planejamento vendas, estoque, entrega"
16,61,1,"controle embarque, embarque web, fiscais controle","painel, web, embalagem"
53,84,1,"lote mínimo, mínimo compra, qtde","lotes, painel, fracionar"
23,94,1,"logs, job, tabelas","vendas, planejamento, distribuição"
119,133,1,"mestre produção, plano mestre, manufatura plano","requisição, centro custo, baixa"
12,34,1,"manutenção, preventiva, maquina","labelli, pegada, estava"
34,101,1,"labelli, pegada, estava","planejamento vendas, estoque, entrega"
34,85,1,"labelli, pegada, estava","localização, futuro, estoque"
34,94,1,"labelli, pegada, estava","vendas, planejamento, distribuição"
15,91,1,"contra nota, abate, gera contra","localização, estoque, reserva"
71,94,1,"fpv, preço venda, cálculo","vendas, planejamento, distribuição"
34,145,1,"labelli, pegada, estava","desconto, faturamento, valor"
34,40,1,"labelli, pegada, estava","carta correção, mail assunto, nfs"
34,70,1,"labelli, pegada, estava","custeio, custo, mês"
34,111,1,"labelli, pegada, estava","importação, edi, arquivo"
88,92,1,"flush, back, baixa","formula, tinta, materiais"
71,144,1,"fpv, preço venda, cálculo","faturamento, liberação, estabelecimento"
26,71,1,"aplicar regra, venda documentação, produtos sku","fpv, preço venda, cálculo"
71,111,1,"fpv, preço venda, cálculo","importação, edi, arquivo"
37,40,1,"sobre fpv, perguntou sobre, pessoal perguntou","carta correção, mail assunto, nfs"
71,145,1,"fpv, preço venda, cálculo","desconto, faturamento, valor"
71,114,1,"fpv, preço venda, cálculo","fabricação, ordem, ordens"
28,37,1,"medidora, está lendo, barras","sobre fpv, perguntou sobre, pessoal perguntou"
48,71,1,"sobre destaque, aparece venda, precisa habilitar","fpv, preço venda, cálculo"
18,71,1,"recálculo, custeio, controladoria custos","fpv, preço venda, cálculo"
91,106,1,"localização, estoque, reserva","reserva, estoque futuro, lote"
29,89,1,"detalhamento teste, login, user","rótulo, operação, coletor"
53,105,1,"lote mínimo, mínimo compra, qtde","instrução, embarque, cancelamento saldo"
105,110,1,"instrução, embarque, cancelamento saldo","suprimentos estoque, estoque produto, consulta estoque"
96,105,1,"select, código, sql","instrução, embarque, cancelamento saldo"
31,74,1,"dígitos, ean, contentor","etiqueta, emissão, unidade produto"
27,74,1,"caixas, aproveitamento, lote","etiqueta, emissão, unidade produto"
28,41,1,"medidora, está lendo, barras","situação, ocorrida, sobre"
28,73,1,"medidora, está lendo, barras","impressora, navegador, impressão"
50,111,1,"características, categoria, configuração","importação, edi, arquivo"
29,96,1,"detalhamento teste, login, user","select, código, sql"
29,78,1,"detalhamento teste, login, user","plano produção, projeção, necessidades"
72,101,1,"largura, equivocada, duramas","planejamento vendas, estoque, entrega"
41,124,1,"situação, ocorrida, sobre","ivendre, fotos, ios"
55,124,1,"conjunto, marca, produto acabado","ivendre, fotos, ios"
104,125,1,"apontamento, funcionário, desvio processo","representante, entrega, carrinho"
101,120,1,"planejamento vendas, estoque, entrega","ivendre, ios, proposta"
109,120,1,"cri, inventariado, inventário","ivendre, ios, proposta"
106,120,1,"reserva, estoque futuro, lote","ivendre, ios, proposta"
111,120,1,"importação, edi, arquivo","ivendre, ios, proposta"
48,120,1,"sobre destaque, aparece venda, precisa habilitar","ivendre, ios, proposta"
77,120,1,"email, envio, mails","ivendre, ios, proposta"
125,144,1,"representante, entrega, carrinho","faturamento, liberação, estabelecimento"
10,56,1,"bloco, industrialização, parâmetro","marca, embalagem, conjunto"
117,120,1,"cartão, emissão, componente","ivendre, ios, proposta"
34,54,1,"labelli, pegada, estava","cnpj, jurídicas, pessoas"
34,134,1,"labelli, pegada, estava","abastecimento, suprimentos planejamento, materiais"
82,139,1,"compras, necessidades, cotação","crédito, risco, analise"
20,139,1,"carteira, análise, representante","crédito, risco, analise"
53,108,1,"lote mínimo, mínimo compra, qtde","distribuição pedidos, vendas distribuição, entrega"
53,101,1,"lote mínimo, mínimo compra, qtde","planejamento vendas, estoque, entrega"
96,108,1,"select, código, sql","distribuição pedidos, vendas distribuição, entrega"
95,108,1,"sql, movimento, estoque","distribuição pedidos, vendas distribuição, entrega"
58,74,1,"engenharia, estruturação produto, desenvolvimento produto","etiqueta, emissão, unidade produto"
41,106,1,"situação, ocorrida, sobre","reserva, estoque futuro, lote"
78,128,1,"plano produção, projeção, necessidades","schneider, marcio, eunice"
78,125,1,"plano produção, projeção, necessidades","representante, entrega, carrinho"
34,116,1,"labelli, pegada, estava","processo, recurso, relatório"
78,107,1,"plano produção, projeção, necessidades","operações, propriedade, tempo padrão"
20,71,1,"carteira, análise, representante","fpv, preço venda, cálculo"
72,108,1,"largura, equivocada, duramas","distribuição pedidos, vendas distribuição, entrega"
106,139,1,"reserva, estoque futuro, lote","crédito, risco, analise"
106,119,1,"reserva, estoque futuro, lote","mestre produção, plano mestre, manufatura plano"
110,119,1,"suprimentos estoque, estoque produto, consulta estoque","mestre produção, plano mestre, manufatura plano"
124,126,1,"ivendre, fotos, ios","desconto, comissão, regra"
76,90,1,"qtde, medição, metragem","apontamento, web, coletores"
86,90,1,"medida, unidade, qtde","apontamento, web, coletores"
76,128,1,"qtde, medição, metragem","schneider, marcio, eunice"
89,90,1,"rótulo, operação, coletor","apontamento, web, coletores"
77,125,1,"email, envio, mails","representante, entrega, carrinho"
29,125,1,"detalhamento teste, login, user","representante, entrega, carrinho"
49,125,1,"corrugado, rótulos, corrugada","representante, entrega, carrinho"
51,94,1,"mail assunto, email, abaixo","vendas, planejamento, distribuição"
6,124,1,"senha, user, acesso base","ivendre, fotos, ios"
43,63,1,"link, http, kunden senha","grafdil, pessoa, franquia"
51,120,1,"mail assunto, email, abaixo","ivendre, ios, proposta"
39,120,1,"tablas, schneider, una","ivendre, ios, proposta"
105,120,1,"instrução, embarque, cancelamento saldo","ivendre, ios, proposta"
20,110,1,"carteira, análise, representante","suprimentos estoque, estoque produto, consulta estoque"
20,27,1,"carteira, análise, representante","caixas, aproveitamento, lote"
58,108,1,"engenharia, estruturação produto, desenvolvimento produto","distribuição pedidos, vendas distribuição, entrega"
20,61,1,"carteira, análise, representante","painel, web, embalagem"
6,43,1,"senha, user, acesso base","link, http, kunden senha"
26,58,1,"aplicar regra, venda documentação, produtos sku","engenharia, estruturação produto, desenvolvimento produto"
24,26,1,"duramas, queda, feira marcio","aplicar regra, venda documentação, produtos sku"
81,118,1,"inspeção, amostragem, aprovação","planejamento, minutos, turno"
81,107,1,"inspeção, amostragem, aprovação","operações, propriedade, tempo padrão"
81,90,1,"inspeção, amostragem, aprovação","apontamento, web, coletores"
63,90,1,"grafdil, pessoa, franquia","apontamento, web, coletores"
63,108,1,"grafdil, pessoa, franquia","distribuição pedidos, vendas distribuição, entrega"
36,61,1,"embarque, controle, rótulos","painel, web, embalagem"
16,27,1,"controle embarque, embarque web, fiscais controle","caixas, aproveitamento, lote"
36,67,1,"embarque, controle, rótulos","rotulo, ler, caixa"
36,127,1,"embarque, controle, rótulos","kunden systems, marcio, systems convidado"
39,42,1,"tablas, schneider, una","relatório plano, plano mestre, mestre produção"
21,90,1,"utilizado, laboratorial, técnica","apontamento, web, coletores"
21,78,1,"utilizado, laboratorial, técnica","plano produção, projeção, necessidades"
51,145,1,"mail assunto, email, abaixo","desconto, faturamento, valor"
91,128,1,"localização, estoque, reserva","schneider, marcio, eunice"
64,84,1,"produtos fabricação, mês, geração produtos","lotes, painel, fracionar"
67,84,1,"rotulo, ler, caixa","lotes, painel, fracionar"
78,84,1,"plano produção, projeção, necessidades","lotes, painel, fracionar"
139,141,1,"crédito, risco, analise","faturamento, rota, liberação pedidos"
63,139,1,"grafdil, pessoa, franquia","crédito, risco, analise"
63,96,1,"grafdil, pessoa, franquia","select, código, sql"
38,108,1,"moeda, cotação, cotações","distribuição pedidos, vendas distribuição, entrega"
55,126,1,"conjunto, marca, produto acabado","desconto, comissão, regra"
53,126,1,"lote mínimo, mínimo compra, qtde","desconto, comissão, regra"
26,48,1,"aplicar regra, venda documentação, produtos sku","sobre destaque, aparece venda, precisa habilitar"
41,120,1,"situação, ocorrida, sobre","ivendre, ios, proposta"
58,144,1,"engenharia, estruturação produto, desenvolvimento produto","faturamento, liberação, estabelecimento"
101,124,1,"planejamento vendas, estoque, entrega","ivendre, fotos, ios"
56,65,1,"marca, embalagem, conjunto","ticket, una, proceso"
94,145,1,"vendas, planejamento, distribuição","desconto, faturamento, valor"
39,108,1,"tablas, schneider, una","distribuição pedidos, vendas distribuição, entrega"
53,77,1,"lote mínimo, mínimo compra, qtde","email, envio, mails"
72,95,1,"largura, equivocada, duramas","sql, movimento, estoque"
82,141,1,"compras, necessidades, cotação","faturamento, rota, liberação pedidos"
30,78,1,"composto, estoque, patch documentação","plano produção, projeção, necessidades"
40,69,1,"carta correção, mail assunto, nfs","arezzo, importação, romaneio"
131,145,1,"retorno, industrialização, deposito","desconto, faturamento, valor"
51,82,1,"mail assunto, email, abaixo","compras, necessidades, cotação"
82,122,1,"compras, necessidades, cotação","pesagem, compensação, ofs"
77,91,1,"email, envio, mails","localização, estoque, reserva"
41,82,1,"situação, ocorrida, sobre","compras, necessidades, cotação"
53,119,1,"lote mínimo, mínimo compra, qtde","mestre produção, plano mestre, manufatura plano"
82,123,1,"compras, necessidades, cotação","abastecimento, ofs, consumo"
85,98,1,"localização, futuro, estoque","ora, mensagem, erro"
39,48,1,"tablas, schneider, una","sobre destaque, aparece venda, precisa habilitar"
75,78,1,"select, código, tabela","plano produção, projeção, necessidades"
53,72,1,"lote mínimo, mínimo compra, qtde","largura, equivocada, duramas"
75,79,1,"select, código, tabela","reposição, ponto, estoque segurança"
30,83,1,"composto, estoque, patch documentação","pré, recebimento, pre"
34,83,1,"labelli, pegada, estava","pré, recebimento, pre"
83,91,1,"pré, recebimento, pre","localização, estoque, reserva"
51,79,1,"mail assunto, email, abaixo","reposição, ponto, estoque segurança"
16,108,1,"controle embarque, embarque web, fiscais controle","distribuição pedidos, vendas distribuição, entrega"
48,53,1,"sobre destaque, aparece venda, precisa habilitar","lote mínimo, mínimo compra, qtde"
75,82,1,"select, código, tabela","compras, necessidades, cotação"
89,129,1,"rótulo, operação, coletor","remessa, industrialização, retorno"
10,129,1,"bloco, industrialização, parâmetro","remessa, industrialização, retorno"
10,98,1,"bloco, industrialização, parâmetro","ora, mensagem, erro"
51,59,1,"mail assunto, email, abaixo","romaneio, saída, faturamento"
86,109,1,"medida, unidade, qtde","cri, inventariado, inventário"
77,109,1,"email, envio, mails","cri, inventariado, inventário"
4,23,1,"pdv, caixa, kunden","logs, job, tabelas"
12,79,1,"manutenção, preventiva, maquina","reposição, ponto, estoque segurança"
40,41,1,"carta correção, mail assunto, nfs","situação, ocorrida, sobre"
39,40,1,"tablas, schneider, una","carta correção, mail assunto, nfs"
19,91,1,"devolução, cep, evento","localização, estoque, reserva"
23,111,1,"logs, job, tabelas","importação, edi, arquivo"
23,64,1,"logs, job, tabelas","produtos fabricação, mês, geração produtos"
38,90,1,"moeda, cotação, cotações","apontamento, web, coletores"
37,38,1,"sobre fpv, perguntou sobre, pessoal perguntou","moeda, cotação, cotações"
5,29,1,"reg, status notas, filler","detalhamento teste, login, user"
39,52,1,"tablas, schneider, una","descritivos técnicos, doc, curtume"
39,109,1,"tablas, schneider, una","cri, inventariado, inventário"
8,54,1,"doccob, transportadora, conhecimento","cnpj, jurídicas, pessoas"
12,75,1,"manutenção, preventiva, maquina","select, código, tabela"
54,143,1,"cnpj, jurídicas, pessoas","danfe, monitor, fiscais"
54,63,1,"cnpj, jurídicas, pessoas","grafdil, pessoa, franquia"
37,54,1,"sobre fpv, perguntou sobre, pessoal perguntou","cnpj, jurídicas, pessoas"
54,128,1,"cnpj, jurídicas, pessoas","schneider, marcio, eunice"
26,117,1,"aplicar regra, venda documentação, produtos sku","cartão, emissão, componente"
113,116,1,"meta, planejamento, recurso","processo, recurso, relatório"
112,114,1,"eficiência, eficiencia, recurso","fabricação, ordem, ordens"
61,112,1,"painel, web, embalagem","eficiência, eficiencia, recurso"
96,112,1,"select, código, sql","eficiência, eficiencia, recurso"
64,95,1,"produtos fabricação, mês, geração produtos","sql, movimento, estoque"
69,107,1,"arezzo, importação, romaneio","operações, propriedade, tempo padrão"
107,133,1,"operações, propriedade, tempo padrão","requisição, centro custo, baixa"
95,99,1,"sql, movimento, estoque","multitarefa, cep, apontamento"
68,98,1,"custeio, soubach, couro","ora, mensagem, erro"
52,72,1,"descritivos técnicos, doc, curtume","largura, equivocada, duramas"
7,28,1,"gera emissão, emissão rótulo, rótulo unidade","medidora, está lendo, barras"
76,98,1,"qtde, medição, metragem","ora, mensagem, erro"
77,98,1,"email, envio, mails","ora, mensagem, erro"
23,66,1,"logs, job, tabelas","satra, arquivo, ticket"
98,128,1,"ora, mensagem, erro","schneider, marcio, eunice"
69,95,1,"arezzo, importação, romaneio","sql, movimento, estoque"
96,127,1,"select, código, sql","kunden systems, marcio, systems convidado"
23,91,1,"logs, job, tabelas","localização, estoque, reserva"
98,140,1,"ora, mensagem, erro","sefaz, receita, notas"
29,66,1,"detalhamento teste, login, user","satra, arquivo, ticket"
66,69,1,"satra, arquivo, ticket","arezzo, importação, romaneio"
38,75,1,"moeda, cotação, cotações","select, código, tabela"
8,65,1,"doccob, transportadora, conhecimento","ticket, una, proceso"
8,76,1,"doccob, transportadora, conhecimento","qtde, medição, metragem"
29,111,1,"detalhamento teste, login, user","importação, edi, arquivo"
8,86,1,"doccob, transportadora, conhecimento","medida, unidade, qtde"
22,65,1,"saldo saldo, alterado, prev","ticket, una, proceso"
90,134,1,"apontamento, web, coletores","abastecimento, suprimentos planejamento, materiais"
61,90,1,"painel, web, embalagem","apontamento, web, coletores"
51,80,1,"mail assunto, email, abaixo","cep, lançamento, controle indicador"
19,117,1,"devolução, cep, evento","cartão, emissão, componente"
19,99,1,"devolução, cep, evento","multitarefa, cep, apontamento"
143,144,1,"danfe, monitor, fiscais","faturamento, liberação, estabelecimento"
12,76,1,"manutenção, preventiva, maquina","qtde, medição, metragem"
2,111,1,"revisão, bônus, fracionamento","importação, edi, arquivo"
2,22,1,"revisão, bônus, fracionamento","saldo saldo, alterado, prev"
12,22,1,"manutenção, preventiva, maquina","saldo saldo, alterado, prev"
22,91,1,"saldo saldo, alterado, prev","localização, estoque, reserva"
12,54,1,"manutenção, preventiva, maquina","cnpj, jurídicas, pessoas"
12,103,1,"manutenção, preventiva, maquina","fábrica lançamentos, apontamento rótulos, manufatura chão"
93,98,1,"semi, acabado, ofs","ora, mensagem, erro"
62,96,1,"manutenção industrial, transferência, máquina","select, código, sql"
62,131,1,"manutenção industrial, transferência, máquina","retorno, industrialização, deposito"
51,62,1,"mail assunto, email, abaixo","manutenção industrial, transferência, máquina"
12,86,1,"manutenção, preventiva, maquina","medida, unidade, qtde"
12,87,1,"manutenção, preventiva, maquina","fábrica lançamentos, lançamentos apontamento, apontamento ordem"
62,71,1,"manutenção industrial, transferência, máquina","fpv, preço venda, cálculo"
41,62,1,"situação, ocorrida, sobre","manutenção industrial, transferência, máquina"
62,95,1,"manutenção industrial, transferência, máquina","sql, movimento, estoque"
62,117,1,"manutenção industrial, transferência, máquina","cartão, emissão, componente"
43,52,1,"link, http, kunden senha","descritivos técnicos, doc, curtume"
76,135,1,"qtde, medição, metragem","fornecedor, wagner, nfs"
10,82,1,"bloco, industrialização, parâmetro","compras, necessidades, cotação"
49,101,1,"corrugado, rótulos, corrugada","planejamento vendas, estoque, entrega"
32,100,1,"rótulos, armazenamento, unidades","lote, balanceado, quantidade"
34,65,1,"labelli, pegada, estava","ticket, una, proceso"
2,66,1,"revisão, bônus, fracionamento","satra, arquivo, ticket"
66,134,1,"satra, arquivo, ticket","abastecimento, suprimentos planejamento, materiais"
66,76,1,"satra, arquivo, ticket","qtde, medição, metragem"
66,97,1,"satra, arquivo, ticket","planejamento, ofs, planos"
57,66,1,"materiais, material, componente","satra, arquivo, ticket"
66,92,1,"satra, arquivo, ticket","formula, tinta, materiais"
65,96,1,"ticket, una, proceso","select, código, sql"
30,100,1,"composto, estoque, patch documentação","lote, balanceado, quantidade"
30,72,1,"composto, estoque, patch documentação","largura, equivocada, duramas"
29,90,1,"detalhamento teste, login, user","apontamento, web, coletores"
41,65,1,"situação, ocorrida, sobre","ticket, una, proceso"
27,111,1,"caixas, aproveitamento, lote","importação, edi, arquivo"
65,93,1,"ticket, una, proceso","semi, acabado, ofs"
66,72,1,"satra, arquivo, ticket","largura, equivocada, duramas"
24,65,1,"duramas, queda, feira marcio","ticket, una, proceso"
24,72,1,"duramas, queda, feira marcio","largura, equivocada, duramas"
65,88,1,"ticket, una, proceso","flush, back, baixa"
49,69,1,"corrugado, rótulos, corrugada","arezzo, importação, romaneio"
69,108,1,"arezzo, importação, romaneio","distribuição pedidos, vendas distribuição, entrega"
87,138,1,"fábrica lançamentos, lançamentos apontamento, apontamento ordem","faturamento, liberação, encaixotamento"
32,138,1,"rótulos, armazenamento, unidades","faturamento, liberação, encaixotamento"
41,69,1,"situação, ocorrida, sobre","arezzo, importação, romaneio"
69,78,1,"arezzo, importação, romaneio","plano produção, projeção, necessidades"
56,111,1,"marca, embalagem, conjunto","importação, edi, arquivo"
69,139,1,"arezzo, importação, romaneio","crédito, risco, analise"
69,143,1,"arezzo, importação, romaneio","danfe, monitor, fiscais"
68,99,1,"custeio, soubach, couro","multitarefa, cep, apontamento"
68,138,1,"custeio, soubach, couro","faturamento, liberação, encaixotamento"
61,103,1,"painel, web, embalagem","fábrica lançamentos, apontamento rótulos, manufatura chão"
80,111,1,"cep, lançamento, controle indicador","importação, edi, arquivo"
21,81,1,"utilizado, laboratorial, técnica","inspeção, amostragem, aprovação"
21,115,1,"utilizado, laboratorial, técnica","rendimento, custo, listar"
6,120,1,"senha, user, acesso base","ivendre, ios, proposta"
6,29,1,"senha, user, acesso base","detalhamento teste, login, user"
11,22,1,"ibs, cbs, alíquota","saldo saldo, alterado, prev"
3,22,1,"cbs, ibs, monofásica","saldo saldo, alterado, prev"
11,29,1,"ibs, cbs, alíquota","detalhamento teste, login, user"
29,103,1,"detalhamento teste, login, user","fábrica lançamentos, apontamento rótulos, manufatura chão"
29,146,1,"detalhamento teste, login, user","recebimento notas, fiscal, suprimentos recebimento"
8,29,1,"doccob, transportadora, conhecimento","detalhamento teste, login, user"
20,30,1,"carteira, análise, representante","composto, estoque, patch documentação"
29,32,1,"detalhamento teste, login, user","rótulos, armazenamento, unidades"
29,144,1,"detalhamento teste, login, user","faturamento, liberação, estabelecimento"
30,129,1,"composto, estoque, patch documentação","remessa, industrialização, retorno"
30,101,1,"composto, estoque, patch documentação","planejamento vendas, estoque, entrega"
48,108,1,"sobre destaque, aparece venda, precisa habilitar","distribuição pedidos, vendas distribuição, entrega"
41,108,1,"situação, ocorrida, sobre","distribuição pedidos, vendas distribuição, entrega"
8,38,1,"doccob, transportadora, conhecimento","moeda, cotação, cotações"
21,137,1,"utilizado, laboratorial, técnica","icms, sped, fiscal"
29,69,1,"detalhamento teste, login, user","arezzo, importação, romaneio"
0,21,1,"ção, ato, drawback","utilizado, laboratorial, técnica"
14,137,1,"tag, obrig rejeição, chave acesso","icms, sped, fiscal"
15,137,1,"contra nota, abate, gera contra","icms, sped, fiscal"
36,60,1,"embarque, controle, rótulos","armazenagem, local, lotes"
29,34,1,"detalhamento teste, login, user","labelli, pegada, estava"
30,111,1,"composto, estoque, patch documentação","importação, edi, arquivo"
