item,module,baskets,documents,rules_from_item
EPRO15,EPRO,647,194,0
PEDI1,PEDI,484,177,0
ESTO25,ESTO,334,106,0
FATU2,FATU,310,147,2
ESTO7,ESTO,305,166,1
MPSP5,MPSP,253,75,1
ORA-20000,ORA,240,108,0
MPSP2,MPSP,219,38,0
FATU61,FATU,208,34,1
FATU3,FATU,206,100,1
CFAB2,CFAB,191,120,6
COMP13,COMP,182,50,0
PEDI4,PEDI,158,54,2
ADMI6,ADMI,154,112,1
COMP3,COMP,147,44,1
FATU16,FATU,137,46,0
CFAB1,CFAB,117,64,1
CFAB59,CFAB,112,50,5
ADMI34,ADMI,111,45,0
PEDI44,PEDI,108,44,3
RECE2,RECE,104,48,3
ESTO112,ESTO,86,33,3
ADMI8,ADMI,84,61,2
CFAB90,CFAB,83,20,1
FVEN5,FVEN,80,15,0
MPSP46,MPSP,72,20,3
RECE7,RECE,70,33,4
COMP14,COMP,70,22,2
FATU153,FATU,69,17,0
FATU110,FATU,69,14,2
CPRO4,CPRO,62,27,1
FATU6,FATU,61,19,1
PEDI2,PEDI,61,33,1
PEDI7,PEDI,60,18,1
ESTO4,ESTO,60,38,4
PEDI3,PEDI,59,20,0
ADMI35,ADMI,58,33,3
ADMI63,ADMI,58,31,0
FATU146,FATU,57,21,2
PREC9,PREC,53,35,3
FATU124,FATU,51,14,2
EPRO58,EPRO,50,36,3
PREC7,PREC,48,25,2
CFAB85,CFAB,47,8,1
COMP5,COMP,46,27,3
ESTO15,ESTO,43,16,1
EPRO28,EPRO,41,16,2
ADMI1,ADMI,40,30,1
FATU74,FATU,40,19,6
VEND2,VEND,38,24,2
EPRO2,EPRO,38,22,3
PEDI142,PEDI,38,2,0
EPRO60,EPRO,37,15,3
ESTO129,ESTO,37,17,1
CFAB7,CFAB,37,18,1
FATU104,FATU,37,4,1
CFAB24,CFAB,36,30,2
ADMI84,ADMI,36,21,0
EPRO16,EPRO,36,20,1
CFAB101,CFAB,34,17,1
ESTO71,ESTO,34,29,10
ORA-06502,ORA,34,27,2
EPRO39,EPRO,34,10,1
ADMI5,ADMI,34,12,0
MIND27,MIND,34,11,4
EPRO61,EPRO,33,26,1
TERC1,TERC,33,23,6
ADMI122,ADMI,32,23,0
ORA-01403,ORA,32,22,1
ESTO41,ESTO,32,5,1
COMP39,COMP,32,10,2
RECE50,RECE,31,7,3
ESTO69,ESTO,31,4,0
ESTO73,ESTO,31,11,3
PEDI14,PEDI,31,10,0
MIND22,MIND,31,9,5
CEXC109,CEXC,30,29,2
ORA-01400,ORA,30,24,2
CFAB10,CFAB,30,25,8
CPRO3,CPRO,30,17,3
COMP75,COMP,30,9,2
ESTO13,ESTO,30,15,2
MIND2,MIND,30,13,2
PREC8,PREC,29,12,2
ESTO2,ESTO,29,20,5
FATU12,FATU,29,13,9
ADMI51,ADMI,29,4,0
ESTO23,ESTO,28,14,4
ESTO19,ESTO,28,14,4
EPRO59,EPRO,28,18,2
VEND78,VEND,28,11,3
EPRO34,EPRO,27,13,3
VEND14,VEND,27,9,3
TERC3,TERC,27,19,6
ESTO67,ESTO,27,9,5
ESTO30,ESTO,27,1,0
MPSP74,MPSP,27,7,2
FATU149,FATU,27,7,0
ADMI16,ADMI,26,22,1
FATU17,FATU,26,7,1
PEDI52,PEDI,26,12,1
FATU9,FATU,26,14,4
ESTO3,ESTO,26,15,6
PEDI46,PEDI,25,11,2
KND-000233,KND,25,23,0
ORA-06512,ORA,25,18,3
PEDI115,PEDI,25,6,0
CUST8,CUST,24,9,0
EPRO57,EPRO,24,18,1
ORA-00936,ORA,24,13,1
ESTO20,ESTO,24,13,6
EPRO14,EPRO,23,11,1
ADMI125,ADMI,23,22,6
CFAB65,CFAB,23,12,3
CFAB17,CFAB,23,6,0
CFAB11,CFAB,23,11,3
PEDI118,PEDI,23,17,1
VEND113,VEND,23,2,0
ESTO40,ESTO,22,6,4
PEDI26,PEDI,22,13,3
COMP50,COMP,22,8,3
ADMI260,ADMI,21,15,4
ADMI265,ADMI,21,7,1
ADMI53,ADMI,21,9,0
KND-000238,KND,21,18,3
CEXC101,CEXC,21,3,0
CFAB134,CFAB,21,8,1
ESTO1,ESTO,20,19,5
COMP6,COMP,20,8,3
MPSP54,MPSP,20,2,0
VEND122,VEND,19,4,0
FATU94,FATU,19,12,5
MPSP20,MPSP,19,7,3
PEDI127,PEDI,19,8,4
COMP37,COMP,19,5,2
ESTO16,ESTO,19,12,4
KND-000226,KND,19,15,2
ESTO27,ESTO,19,8,3
ESTO115,ESTO,19,8,1
VEND31,VEND,19,8,2
FATU34,FATU,19,3,0
ADMI229,ADMI,19,3,0
ESTO137,ESTO,19,3,0
ESTO77,ESTO,18,6,3
ADMI44,ADMI,18,14,3
CPRO1,CPRO,18,13,3
CEXC1094,CEXC,18,1,0
RECE32,RECE,18,6,1
VEND35,VEND,18,5,1
MPSP75,MPSP,18,3,2
ESTO89,ESTO,17,5,0
CUST1,CUST,17,11,2
CUST13,CUST,17,7,1
FATU44,FATU,17,7,1
PEDI24,PEDI,17,2,0
EPRO10,EPRO,17,7,1
CFAB56,CFAB,17,8,3
ESTO81,ESTO,17,7,4
CFAB86,CFAB,17,6,3
COMP16,COMP,17,3,1
ESTO36,ESTO,17,5,1
TERC10,TERC,17,14,9
VEND98,VEND,17,10,4
MPSP73,MPSP,17,1,0
ADMI264,ADMI,16,5,1
FVEN1,FVEN,16,6,2
ADMI36,ADMI,16,9,0
EPRO32,EPRO,16,9,2
ORA-01476,ORA,16,9,1
KND-002718,KND,16,7,6
CEXT84,CEXT,16,8,3
CFAB51,CFAB,16,3,0
COMP7,COMP,16,10,2
PREC18,PREC,16,4,1
MIND1,MIND,16,8,6
FATU4,FATU,15,9,5
KND-000263,KND,15,10,6
FATU128,FATU,15,4,0
PREC36,PREC,15,6,3
ESTO108,ESTO,15,7,0
MIND16,MIND,15,7,4
ESTO37,ESTO,15,4,0
FATU22,FATU,15,9,1
PEDI112,PEDI,15,6,1
FATU69,FATU,15,2,0
ADMI66,ADMI,14,10,3
FVEN4,FVEN,14,7,3
EPRO105,EPRO,14,12,4
CFAB19,CFAB,14,8,4
CFAB79,CFAB,14,7,2
TERC2,TERC,14,11,12
ESTO79,ESTO,14,5,1
COMP28,COMP,14,4,0
ADMI25,ADMI,14,10,0
KND-002175,KND,14,6,0
PEDI80,PEDI,14,3,0
CPRO24,CPRO,13,5,3
COMP4,COMP,13,10,4
ORA-02292,ORA,13,12,8
ADMI30,ADMI,13,4,0
KND-000389,KND,13,7,1
CFAB78,CFAB,13,5,6
CFAB71,CFAB,13,3,0
KND-000358,KND,13,7,2
MIND15,MIND,13,8,3
ESTO123,ESTO,13,3,2
VEND100,VEND,13,10,19
PEDI133,PEDI,13,4,0
VEND39,VEND,13,4,0
MIND30,MIND,13,4,6
EPRO18,EPRO,12,10,4
CFAB22,CFAB,12,6,3
ESTO119,ESTO,12,3,0
CFAB93,CFAB,12,4,1
PREC12,PREC,12,8,3
COMP26,COMP,12,3,0
ORA-00001,ORA,12,8,1
PREC33,PREC,12,3,1
PEDI62,PEDI,12,4,0
ADMI151,ADMI,12,2,0
PEDI138,PEDI,12,6,3
CPRO27,CPRO,11,5,3
FVEN10,FVEN,11,5,2
KND-000264,KND,11,10,5
VEND50,VEND,11,7,1
PREC32,PREC,11,7,0
EPRO69,EPRO,11,8,3
MPSP33,MPSP,11,5,3
CFAB96,CFAB,11,6,2
CFAB83,CFAB,11,6,4
ESTO8,ESTO,11,9,1
ESTO131,ESTO,11,5,1
ESTO90,ESTO,11,5,0
FATU55,FATU,11,2,0
CPRO2,CPRO,11,9,2
CPRO23,CPRO,11,5,2
VEND107,VEND,11,3,0
COMP9,COMP,11,3,0
COMP24,COMP,11,5,10
KND-004123,KND,11,4,1
ADMI230,ADMI,11,5,0
PREC19,PREC,11,4,1
MIND14,MIND,11,7,3
ADMI19,ADMI,10,8,3
ADMI102,ADMI,10,8,13
KND-000359,KND,10,8,4
KND-003374,KND,10,6,1
CFAB87,CFAB,10,4,0
CFAB23,CFAB,10,6,3
CFAB97,CFAB,10,7,4
CUST14,CUST,10,7,4
CEXT18,CEXT,10,5,2
KND-004064,KND,10,6,4
ESTO97,ESTO,10,5,2
TERC9,TERC,10,8,4
MPSP1,MPSP,10,6,0
EPRO79,EPRO,10,3,0
PEDI27,PEDI,10,8,2
PREC6,PREC,10,5,2
CONT80,CONT,9,4,0
RHUM9,RHUM,9,9,1
EPRO21,EPRO,9,7,0
KND-000296,KND,9,7,5
FATU107,FATU,9,6,1
ADMI42,ADMI,9,8,3
ORA-22288,ORA,9,2,0
COMP1,COMP,9,8,2
KND-004786,KND,9,7,2
ORA-00904,ORA,9,7,1
KND-000212,KND,9,4,1
PREC35,PREC,9,3,0
EPRO77,EPRO,9,3,2
PEDI12,PEDI,9,8,1
ESTO104,ESTO,9,6,1
FATU119,FATU,9,3,1
FATU111,FATU,9,3,1
FATU125,FATU,9,8,1
VEND94,VEND,9,8,4
PEDI73,PEDI,9,5,4
MPSP77,MPSP,9,4,2
CFAB18,CFAB,9,4,0
CFAB44,CFAB,9,1,0
CFAB98,CFAB,9,1,0
CPRO22,CPRO,9,3,1
TERC14,TERC,9,2,0
PEDI77,PEDI,9,2,0
ADMI85,ADMI,9,1,0
MIND31,MIND,9,4,4
ADMI145,ADMI,8,7,3
CUST3,CUST,8,4,0
EPRO48,EPRO,8,3,2
EPRO12,EPRO,8,2,0
KND-000297,KND,8,5,5
CEXT85,CEXT,8,6,1
FATU71,FATU,8,3,0
ADMI37,ADMI,8,8,1
ADMI144,ADMI,8,5,4
RECE21,RECE,8,4,0
MPSP14,MPSP,8,5,1
ESTO56,ESTO,8,4,3
KND-000767,KND,8,2,0
VEND114,VEND,8,7,3
CPRO29,CPRO,8,6,1
CEXC1024,CEXC,8,6,1
EPRO26,EPRO,8,6,2
CFAB30,CFAB,8,4,6
MPSP79,MPSP,8,4,1
MPSP27,MPSP,8,5,0
FATU163,FATU,8,2,0
COMP21,COMP,8,3,0
PEDI40,PEDI,8,4,1
ADMI263,ADMI,8,5,1
COMP49,COMP,8,4,2
ESTO136,ESTO,8,2,0
ADMI96,ADMI,7,7,11
FATU5,FATU,7,5,1
CEXT24,CEXT,7,6,5
CEXT103,CEXT,7,5,3
KND-000288,KND,7,7,3
ORA-01722,ORA,7,6,6
CREC4,CREC,7,7,4
EPRO49,EPRO,7,5,2
KND-001035,KND,7,3,3
KND-000682,KND,7,4,0
CFAB57,CFAB,7,2,0
ESTO109,ESTO,7,4,1
CFAB102,CFAB,7,4,1
ORA-01847,ORA,7,4,0
MPSP63,MPSP,7,2,0
CUST2,CUST,7,5,0
CUST23,CUST,7,4,0
CFAB103,CFAB,7,3,0
TERC8,TERC,7,5,2
ADMI24,ADMI,7,7,1
ESTO76,ESTO,7,1,0
KND-000530,KND,7,7,5
KND-002680,KND,7,3,0
ESTO138,ESTO,7,3,1
ORA-01858,ORA,7,3,1
ESTO144,ESTO,7,1,0
FATU26,FATU,7,4,1
FATU102,FATU,7,2,0
FATU180,FATU,7,2,0
KND-000375,KND,7,7,6
MPSP80,MPSP,7,2,0
FATU156,FATU,7,3,1
KND-000324,KND,7,1,0
PEDI89,PEDI,7,4,1
PEDI22,PEDI,7,2,0
CPAG3,CPAG,7,4,0
KND-000459,KND,7,4,0
ADMI237,ADMI,7,3,0
ADMI80,ADMI,7,4,2
ORA-06508,ORA,7,2,0
COMP32,COMP,7,1,0
ORA-00933,ORA,7,5,1
CEXC1025,CEXC,7,5,0
FATU79,FATU,7,7,5
CUST20,CUST,6,6,3
PEDI144,PEDI,6,5,2
CEXC4,CEXC,6,5,0
ADMI91,ADMI,6,4,4
ADMI90,ADMI,6,5,4
FPAG19,FPAG,6,6,1
LFIS51,LFIS,6,5,0
MPSP19,MPSP,6,5,1
MIND11,MIND,6,4,3
ADMI7,ADMI,6,5,0
FATU37,FATU,6,2,0
PREC11,PREC,6,5,1
ESTO31,ESTO,6,3,1
CFAB39,CFAB,6,6,3
CFAB88,CFAB,6,5,0
CFAB89,CFAB,6,4,0
CPRO20,CPRO,6,3,0
RHUM19,RHUM,6,5,0
ESTO65,ESTO,6,5,3
KND-003050,KND,6,4,4
CONT81,CONT,6,1,0
KND-000201,KND,6,3,1
CUST15,CUST,6,4,0
KND-004363,KND,6,3,2
CFAB176,CFAB,6,5,1
RECE34,RECE,6,5,0
KND-004018,KND,6,3,0
FATU7,FATU,6,6,0
EPRO9,EPRO,6,6,0
ESTO49,ESTO,6,1,0
ESTO14,ESTO,6,5,2
FATU59,FATU,6,3,0
RECE35,RECE,6,3,1
EPRO3,EPRO,6,3,0
ADMI228,ADMI,6,3,3
VEND12,VEND,6,5,1
VEND97,VEND,6,3,0
FATU165,FATU,6,3,1
RECE42,RECE,6,1,0
ORA-01843,ORA,6,2,0
CEXC83,CEXC,6,3,0
PREC23,PREC,6,4,0
CEXC55,CEXC,6,4,1
CEXC56,CEXC,6,5,1
PEDI5,PEDI,6,4,1
CFAB106,CFAB,6,1,0
EPRO23,EPRO,6,6,1
PEDI9,PEDI,6,2,0
VEND79,VEND,6,5,3
TERC5,TERC,6,6,10
MIND6,MIND,6,4,3
MIND7,MIND,6,3,2
KND-001057,KND,6,4,1
PEDI84,PEDI,5,3,0
CEXC57,CEXC,5,3,0
ADMI109,ADMI,5,4,5
ADMI104,ADMI,5,4,4
CEXT23,CEXT,5,5,0
ADMI232,ADMI,5,3,0
ADMI83,ADMI,5,4,0
FVEN3,FVEN,5,4,0
FATU92,FATU,5,5,2
VEND4,VEND,5,5,1
EPRO43,EPRO,5,3,0
ADMI18,ADMI,5,5,2
EPRO40,EPRO,5,5,2
EPRO02,EPRO,5,4,2
CFAB111,CFAB,5,4,2
EPRO54,EPRO,5,5,3
MPSP48,MPSP,5,5,0
KND-002717,KND,5,2,0
PEDI128,PEDI,5,1,0
PEDI129,PEDI,5,2,0
ESTO85,ESTO,5,1,0
EPRO67,EPRO,5,5,2
RECE19,RECE,5,4,0
RECE22,RECE,5,5,2
CFAB20,CFAB,5,4,2
KND-002495,KND,5,3,1
KND-000926,KND,5,2,0
KND-000273,KND,5,2,0
ESTO93,ESTO,5,3,1
KND-003895,KND,5,3,0
FATU98,FATU,5,2,0
ORA-02291,ORA,5,3,0
RECE3,RECE,5,4,0
CPRO17,CPRO,5,3,0
RECE45,RECE,5,1,0
CEXC11,CEXC,5,4,0
RECE4,RECE,5,5,0
COMP25,COMP,5,3,0
KND-003620,KND,5,2,0
VEND109,VEND,5,4,2
PEDI6,PEDI,5,5,3
CFAB34,CFAB,5,5,1
PEDI120,PEDI,5,2,0
KND-000519,KND,5,2,0
CFAB54,CFAB,5,1,0
FVEN7,FVEN,5,2,0
ADMI49,ADMI,5,3,0
PEDI122,PEDI,5,4,0
PEDI42,PEDI,5,3,3
PEDI139,PEDI,5,2,0
COMP23,COMP,5,5,1
ADMI32,ADMI,5,4,0
KND-004278,KND,5,3,1
VEND119,VEND,5,1,0
VEND93,VEND,5,4,1
CREC5,CREC,5,4,0
VEND1,VEND,5,3,0
ORA-04062,ORA,5,2,0
KND-000995,KND,5,1,0
ADMI26,ADMI,5,1,0
MIND4,MIND,5,5,0
MIND3,MIND,5,4,4
MIND29,MIND,5,4,1
CFAB123,CFAB,5,4,0
RECE5,RECE,4,3,0
ESTO45,ESTO,4,2,0
CONT13,CONT,4,3,0
PEDI11,PEDI,4,4,2
PEDI25,PEDI,4,3,0
KND-003402,KND,4,4,4
CPAG5,CPAG,4,4,0
ADMI89,ADMI,4,4,2
EPRO1,EPRO,4,4,1
ADMI255,ADMI,4,4,0
FVEN2,FVEN,4,4,2
KND-002306,KND,4,3,0
KND-003948,KND,4,2,0
EPRO101,EPRO,4,3,7
KND-004435,KND,4,3,7
EPRO94,EPRO,4,3,0
KND-000889,KND,4,3,0
ADMI111,ADMI,4,3,0
KND-001055,KND,4,1,0
ADMI101,ADMI,4,4,2
KND-000271,KND,4,3,0
PEDI8,PEDI,4,3,1
PEDI64,PEDI,4,3,0
RECE1,RECE,4,4,1
KND-003378,KND,4,2,0
EPRO46,EPRO,4,3,0
EPRO36,EPRO,4,2,0
FATU14,FATU,4,3,0
ESTO26,ESTO,4,4,0
ESTO11,ESTO,4,4,0
CFAB112,CFAB,4,4,7
RECE20,RECE,4,4,0
CLAB12,CLAB,4,2,0
KND-003860,KND,4,3,0
EPRO7,EPRO,4,4,0
EPRO20,EPRO,4,4,1
CEXT19,CEXT,4,4,0
KND-002343,KND,4,1,0
KND-003859,KND,4,3,0
KND-00023,KND,4,4,7
KND-000200,KND,4,2,0
MPSP35,MPSP,4,3,0
ESTO64,ESTO,4,4,2
ADMI86,ADMI,4,4,0
ESTO110,ESTO,4,2,0
ESTO9,ESTO,4,4,0
KND-004257,KND,4,3,1
KND-004026,KND,4,4,2
FATU28,FATU,4,3,0
ADMI13,ADMI,4,4,0
KND-001039,KND,4,3,1
LFIS1,LFIS,4,3,1
MPSP72,MPSP,4,3,1
ESTO99,ESTO,4,1,0
KND-003884,KND,4,2,0
ESTO39,ESTO,4,1,0
FATU1,FATU,4,4,0
CPRO18,CPRO,4,4,1
VEND126,VEND,4,2,0
EPRO5,EPRO,4,3,0
FATU32,FATU,4,3,0
FATU136,FATU,4,2,0
KND-001133,KND,4,2,0
KND-000186,KND,4,1,0
PREC30,PREC,4,2,0
CFAB52,CFAB,4,3,0
CFAB116,CFAB,4,1,0
EPRO27,EPRO,4,3,0
CFAB61,CFAB,4,2,0
CFAB136,CFAB,4,2,0
CFAB149,CFAB,4,2,0
CFAB158,CFAB,4,3,2
CFAB104,CFAB,4,2,0
VEND36,VEND,4,3,0
CEXC50,CEXC,4,3,1
MPSP12,MPSP,4,4,0
CFAB5,CFAB,4,3,0
MPSP37,MPSP,4,2,0
ORA-04067,ORA,4,3,0
KND-004092,KND,4,1,0
KND-002098,KND,4,3,0
CFAB144,CFAB,4,2,0
CPRO5,CPRO,4,2,0
PEDI17,PEDI,4,2,0
PEDI151,PEDI,4,3,1
VEND96,VEND,4,3,0
VEND105,VEND,4,1,0
PEDI31,PEDI,4,3,0
PEDI126,PEDI,4,2,0
CFAB4,CFAB,4,2,0
VEND7,VEND,4,3,1
COMP31,COMP,4,3,0
TERC11,TERC,4,1,0
TERC4,TERC,4,4,10
ADMI81,ADMI,4,2,0
ADMI3,ADMI,4,4,1
PREC17,PREC,4,3,2
PREC27,PREC,4,3,1
ORA-06544,ORA,4,1,0
ORA-06553,ORA,4,1,0
MIND20,MIND,4,4,0
MIND5,MIND,4,3,2
CEXT64,CEXT,4,2,0
CLAB14,CLAB,4,1,0
KND-002699,KND,4,3,0
FATU105,FATU,4,3,0
FATU151,FATU,4,2,0
FATU150,FATU,4,2,0
CPAG27,CPAG,4,4,1
CONT59,CONT,3,3,3
CUST12,CUST,3,3,0
ADMI171,ADMI,3,2,0
PEDI83,PEDI,3,3,0
ADMI92,ADMI,3,3,2
EPRO109,EPRO,3,3,0
FPAG186,FPAG,3,3,0
LFIS23,LFIS,3,3,0
CONT60,CONT,3,3,0
KND-004024,KND,3,3,2
CONT79,CONT,3,2,0
FVEN9,FVEN,3,2,0
FVEN8,FVEN,3,3,0
KND-000325,KND,3,3,0
LFIS121,LFIS,3,3,0
ADMI60,ADMI,3,3,0
KND-002305,KND,3,2,0
ORA-06511,ORA,3,2,0
KND-000290,KND,3,3,0
KND-002533,KND,3,2,0
FATU87,FATU,3,2,0
EPRO13,EPRO,3,3,0
EPRO99,EPRO,3,3,1
EPRO19,EPRO,3,3,2
KND-004568,KND,3,3,1
KND-001151,KND,3,3,0
KND-001148,KND,3,3,1
KND-002823,KND,3,3,6
KND-000885,KND,3,3,6
KND-003357,KND,3,3,6
CFAB66,CFAB,3,1,0
KND-002509,KND,3,2,0
KND-00288,KND,3,3,1
FATU155,FATU,3,3,0
KND-000249,KND,3,3,1
PEDI146,PEDI,3,2,0
PEDI150,PEDI,3,3,0
CFAB117,CFAB,3,1,0
EPRO55,EPRO,3,3,0
EPRO52,EPRO,3,2,0
EPRO50,EPRO,3,3,0
EPRO37,EPRO,3,2,0
EPRO56,EPRO,3,2,0
EPRO38,EPRO,3,3,0
ESTO78,ESTO,3,2,0
ESTO80,ESTO,3,2,0
CFAB107,CFAB,3,1,0
PREC28,PREC,3,2,0
MPSP64,MPSP,3,2,0
CEXC107,CEXC,3,3,0
CFAB55,CFAB,3,3,0
PREC13,PREC,3,3,1
FATU177,FATU,3,2,0
CFAB21,CFAB,3,3,1
KND-003494,KND,3,3,7
ESTO130,ESTO,3,3,0
ESTO38,ESTO,3,3,0
KND-002984,KND,3,2,0
COMP48,COMP,3,2,0
KND-004125,KND,3,2,0
CFAB35,CFAB,3,2,0
ESTO72,ESTO,3,3,0
ESTO5,ESTO,3,3,0
ESTO66,ESTO,3,3,1
CUST17,CUST,3,3,0
KND-00436,KND,3,2,0
ESTO135,ESTO,3,1,0
ESTO07,ESTO,3,3,0
KND-004618,KND,3,1,0
ADMI10,ADMI,3,3,0
RECE30,RECE,3,3,0
ESTO118,ESTO,3,1,0
CFAB58,CFAB,3,3,0
ADMI251,ADMI,3,2,0
KND-002059,KND,3,3,0
ESTO33,ESTO,3,2,0
CONT11,CONT,3,3,0
ESTO103,ESTO,3,2,0
KND-003430,KND,3,2,0
ADMI99,ADMI,3,2,0
FATU25,FATU,3,3,0
ESTO47,ESTO,3,1,0
ESTO125,ESTO,3,1,0
ESTO43,ESTO,3,2,0
ESTO107,ESTO,3,3,0
ESTO101,ESTO,3,1,0
ESTO98,ESTO,3,3,2
KND-000007,KND,3,3,0
ESTO146,ESTO,3,1,0
KND-000668,KND,3,3,0
KND-002985,KND,3,3,0
FATU164,FATU,3,2,0
FATU24,FATU,3,2,0
PEDI81,PEDI,3,1,0
RECE28,RECE,3,2,0
FATU127,FATU,3,1,0
RECE46,RECE,3,1,0
ORA-00000,ORA,3,3,0
FATU45,FATU,3,2,0
FATU166,FATU,3,1,0
CFAB9,CFAB,3,2,0
MPSP39,MPSP,3,2,0
KND-002861,KND,3,2,0
CFAB53,CFAB,3,2,0
CFAB121,CFAB,3,1,0
CFAB122,CFAB,3,1,0
CFAB62,CFAB,3,2,0
ADMI82,ADMI,3,1,0
EPRO68,EPRO,3,2,0
CFAB155,CFAB,3,2,0
KND-004202,KND,3,2,0
KND-000700,KND,3,3,1
PEDI15,PEDI,3,3,0
MPSP15,MPSP,3,1,0
CFAB45,CFAB,3,2,0
MPSP83,MPSP,3,1,0
KND-003887,KND,3,3,0
CFAB118,CFAB,3,2,0
PREC31,PREC,3,3,0
EPRO81,EPRO,3,2,0
EPRO111,EPRO,3,2,0
MPSP55,MPSP,3,1,0
CEXC52,CEXC,3,3,1
MPSP76,MPSP,3,1,0
MPSP69,MPSP,3,2,0
MPSP29,MPSP,3,2,0
CFAB115,CFAB,3,2,0
EPRO71,EPRO,3,2,0
FATU132,FATU,3,2,0
EPRO66,EPRO,3,1,0
VEND28,VEND,3,2,0
ADMI250,ADMI,3,3,0
ADMI27,ADMI,3,3,0
MIND17,MIND,3,3,0
KND-003788,KND,3,1,0
KND-003223,KND,3,1,0
PEDI75,PEDI,3,2,0
PEDI66,PEDI,3,1,0
PEDI72,PEDI,3,1,0
PEDI149,PEDI,3,1,0
PEDI131,PEDI,3,2,0
PEDI152,PEDI,3,2,0
PEDI69,PEDI,3,1,0
PEDI86,PEDI,3,2,0
KND-000833,KND,3,1,0
COMP29,COMP,3,2,0
KND-004199,KND,3,1,0
PEDI10,PEDI,3,2,0
PEDI116,PEDI,3,1,0
VEND103,VEND,3,1,0
KND-004474,KND,3,2,0
KND-000801,KND,3,2,0
CPRO13,CPRO,3,3,0
CPRO14,CPRO,3,3,0
ADMI23,ADMI,3,2,0
CREC62,CREC,3,2,0
VEND15,VEND,3,2,0
CREC7,CREC,3,2,0
VEND108,VEND,3,1,0
COMP12,COMP,3,3,0
COMP20,COMP,3,1,0
TERC20,TERC,3,2,0
TERC15,TERC,3,1,0
ADMI254,ADMI,3,2,0
ADMI71,ADMI,3,1,0
PREC16,PREC,3,3,2
ADMI97,ADMI,3,3,0
KND-002313,KND,3,1,0
KND-002311,KND,3,2,0
MIND8,MIND,3,3,1
MIND23,MIND,3,2,0
CLAB8,CLAB,3,1,0
CLAB19,CLAB,3,1,0
CLAB9,CLAB,3,1,0
CLAB1,CLAB,3,1,0
CLAB15,CLAB,3,1,0
ADMI153,ADMI,3,1,0
KND-004053,KND,3,1,0
FATU147,FATU,3,2,0
CPAG31,CPAG,3,3,0
CFAB191,CFAB,3,3,1
KND-004325,KND,2,2,0
RECE6,RECE,2,2,0
FATU10,FATU,2,2,0
CONT40,CONT,2,2,0
CONT12,CONT,2,2,0
CONT14,CONT,2,2,0
KND-001123,KND,2,2,0
KND-001071,KND,2,2,0
KND-000039,KND,2,2,0
RHUM2,RHUM,2,2,0
FPAG93,FPAG,2,2,0
RHUM8,RHUM,2,2,0
FPAG23,FPAG,2,2,0
RHUM11,RHUM,2,2,0
FPAG137,FPAG,2,2,0
PEDI47,PEDI,2,2,0
PEDI48,PEDI,2,2,0
KND-004023,KND,2,2,0
ESTO117,ESTO,2,2,0
KND-000298,KND,2,2,0
KND-000514,KND,2,1,0
KND-001090,KND,2,1,0
EPRO09,EPRO,2,2,0
ORA-02299,ORA,2,2,0
KND-004237,KND,2,1,0
KND-000294,KND,2,2,0
KND-002840,KND,2,2,0
KND-001011,KND,2,1,0
KND-003443,KND,2,1,0
EPRO95,EPRO,2,2,0
EPRO100,EPRO,2,2,0
KND-002202,KND,2,1,0
KND-004776,KND,2,2,0
KND-004777,KND,2,2,0
KND-004778,KND,2,2,0
VEND24,VEND,2,2,0
KND-004566,KND,2,2,0
KND-003215,KND,2,2,0
KND-000250,KND,2,2,0
KND-004784,KND,2,2,0
KND-000541,KND,2,2,0
ORA-01436,ORA,2,1,0
CFAB169,CFAB,2,2,0
RECE15,RECE,2,2,0
EPRO22,EPRO,2,2,0
MPSP4,MPSP,2,2,0
KND-002868,KND,2,1,0
CFAB160,CFAB,2,1,0
CFAB01,CFAB,2,2,0
EPRO44,EPRO,2,2,0
EPRO45,EPRO,2,2,0
EPRO51,EPRO,2,2,0
EPRO53,EPRO,2,2,0
EPRO47,EPRO,2,2,0
KND-000202,KND,2,2,0
KND-000150,KND,2,2,0
ESTO86,ESTO,2,1,0
CFAB82,CFAB,2,1,0
CFAB81,CFAB,2,2,0
CFAB80,CFAB,2,2,0
ESTO12,ESTO,2,2,0
CFAB182,CFAB,2,2,0
EPRO35,EPRO,2,2,0
MPSP58,MPSP,2,2,0
CLAB13,CLAB,2,2,0
KND-004259,KND,2,2,0
ESTO143,ESTO,2,1,0
MPSP40,MPSP,2,2,0
KND-002221,KND,2,2,0
KND-000312,KND,2,2,0
COMP46,COMP,2,2,0
ADMI38,ADMI,2,2,0
KND-004355,KND,2,2,0
KND-004402,KND,2,2,0
KND-000986,KND,2,2,0
KND-004533,KND,2,1,0
ESTO59,ESTO,2,2,0
ESTO57,ESTO,2,1,0
ESTO17,ESTO,2,2,0
KND-004225,KND,2,2,0
KND-000758,KND,2,1,0
CUST16,CUST,2,2,0
ORA-04063,ORA,2,1,0
KND-001119,KND,2,2,0
KND-004124,KND,2,1,0
KND-000696,KND,2,2,0
KND-002433,KND,2,1,0
KND-000703,KND,2,2,0
ESTO92,ESTO,2,2,0
ESTO91,ESTO,2,2,0
KND-000554,KND,2,1,0
KND-003496,KND,2,2,0
ESTO128,ESTO,2,2,0
KND-0000226,KND,2,2,0
FATU239,FATU,2,2,0
KND-000690,KND,2,1,0
FATU178,FATU,2,1,0
ADMI65,ADMI,2,2,0
KND-004613,KND,2,2,0
CREC22,CREC,2,2,0
KND-004349,KND,2,1,0
KND-003469,KND,2,1,0
ORA-29283,ORA,2,1,0
KND-000791,KND,2,1,0
ESTO51,ESTO,2,1,0
COMP22,COMP,2,2,0
ESTO151,ESTO,2,1,0
ESTO113,ESTO,2,1,0
ESTO126,ESTO,2,1,0
ESTO52,ESTO,2,2,0
ESTO44,ESTO,2,2,0
KND-000731,KND,2,1,0
KND-000236,KND,2,2,0
ESTO82,ESTO,2,1,0
ESTO124,ESTO,2,2,0
ESTO148,ESTO,2,1,0
KND-002739,KND,2,1,0
KND-000756,KND,2,2,0
CEXC48,CEXC,2,1,0
KND-004787,KND,2,2,0
FATU41,FATU,2,2,0
FATU40,FATU,2,2,0
KND-002419,KND,2,2,0
KND-002073,KND,2,2,0
KND-003495,KND,2,2,0
KND-003444,KND,2,2,0
KND-004213,KND,2,2,0
KND-00423,KND,2,2,0
KND-004020,KND,2,2,0
KND-002962,KND,2,1,0
FATU13,FATU,2,2,0
FATU30,FATU,2,1,0
FATU118,FATU,2,1,0
RECE94,RECE,2,2,0
RECE43,RECE,2,1,0
FATU02,FATU,2,2,0
KND-003723,KND,2,1,0
FATU88,FATU,2,1,0
FATU172,FATU,2,1,0
FATU176,FATU,2,2,0
VEND127,VEND,2,2,0
FATU27,FATU,2,2,0
ADMI224,ADMI,2,2,0
FATU18,FATU,2,1,0
KND-003699,KND,2,1,0
KND-003720,KND,2,1,0
FATU141,FATU,2,1,0
FATU123,FATU,2,2,0
FATU130,FATU,2,1,0
KND-004798,KND,2,2,0
FATU46,FATU,2,2,0
CEXC12,CEXC,2,2,0
CEXC88,CEXC,2,2,0
FATU35,FATU,2,1,0
RECE14,RECE,2,1,0
CEXC58,CEXC,2,1,0
CEXC6,CEXC,2,2,0
KND-003814,KND,2,1,0
KND-004318,KND,2,1,0
COMP43,COMP,2,2,0
KND-002814,KND,2,2,0
MPSP38,MPSP,2,2,0
KND-000215,KND,2,1,0
KND-003522,KND,2,1,0
KND-004475,KND,2,1,0
ORA-01427,ORA,2,2,0
KND-003761,KND,2,1,0
KND-000335,KND,2,2,0
CFAB110,CFAB,2,1,0
CFAB109,CFAB,2,2,0
KND-002029,KND,2,2,0
CFAB173,CFAB,2,1,0
CFAB150,CFAB,2,1,0
PEDI136,PEDI,2,2,0
CFAB180,CFAB,2,1,0
KND-003997,KND,2,1,0
CFAB120,CFAB,2,1,0
CFAB124,CFAB,2,1,0
CFAB171,CFAB,2,1,0
CFAB140,CFAB,2,2,0
CFAB137,CFAB,2,2,0
CFAB164,CFAB,2,1,0
CFAB188,CFAB,2,1,0
CFAB172,CFAB,2,1,0
CFAB14,CFAB,2,2,0
CFAB178,CFAB,2,2,0
CFAB26,CFAB,2,1,0
KND-000394,KND,2,2,0
EPRO78,EPRO,2,2,0
EPRO62,EPRO,2,2,0
EPRO107,EPRO,2,2,0
KND-004381,KND,2,1,0
KND-003947,KND,2,1,0
CFAB50,CFAB,2,2,0
KND-000825,KND,2,1,0
MPSP84,MPSP,2,1,0
MPSP52,MPSP,2,1,0
MPSP53,MPSP,2,1,0
CEXC51,CEXC,2,2,0
CEXC84,CEXC,2,1,0
MPSP67,MPSP,2,1,0
MPSP51,MPSP,2,1,0
MPSP41,MPSP,2,2,0
MPSP70,MPSP,2,2,0
CFAB74,CFAB,2,1,0
CFAB84,CFAB,2,1,0
CFAB141,CFAB,2,1,0
CFAB142,CFAB,2,1,0
CFAB153,CFAB,2,1,0
MPSP36,MPSP,2,1,0
MPSP18,MPSP,2,1,0
FATU173,FATU,2,1,0
FATU90,FATU,2,1,0
FATU86,FATU,2,1,0
EPRO75,EPRO,2,1,0
RECE52,RECE,2,1,0
KND-004305,KND,2,1,0
CEXC9,CEXC,2,2,0
KND-004181,KND,2,1,0
CFAB170,CFAB,2,2,0
CPRO8,CPRO,2,2,0
CPRO6,CPRO,2,2,0
KND-004945,KND,2,2,0
KND-002110,KND,2,2,0
KND-002445,KND,2,1,0
KND-002446,KND,2,1,0
KND-002450,KND,2,1,0
KND-002448,KND,2,1,0
KND-002447,KND,2,1,0
KND-002444,KND,2,1,0
KND-002449,KND,2,1,0
KND-000908,KND,2,2,0
KND-001127,KND,2,1,0
KND-004539,KND,2,1,0
PEDI13,PEDI,2,2,0
KND-004466,KND,2,1,0
PEDI50,PEDI,2,1,0
PEDI51,PEDI,2,2,0
PEDI63,PEDI,2,1,0
PEDI141,PEDI,2,2,0
PEDI143,PEDI,2,2,0
KND-000020,KND,2,2,0
PEDI153,PEDI,2,1,0
PEDI74,PEDI,2,1,0
PEDI82,PEDI,2,1,0
PEDI43,PEDI,2,2,0
PEDI76,PEDI,2,1,0
PEDI114,PEDI,2,1,0
KND-003900,KND,2,1,0
KND-000971,KND,2,1,0
KND-000822,KND,2,1,0
VEND81,VEND,2,2,0
ADMI14,ADMI,2,2,0
KND-000544,KND,2,2,0
KND-000231,KND,2,1,0
ORA-00909,ORA,2,1,0
KND-003854,KND,2,2,0
KND-000446,KND,2,1,0
KND-004077,KND,2,2,0
KND-004197,KND,2,1,0
ORA-04088,ORA,2,2,0
CEXC1001,CEXC,2,2,0
PEDI53,PEDI,2,2,0
PEDI67,PEDI,2,1,0
VEND130,VEND,2,1,0
PEDI61,PEDI,2,2,0
PEDI33,PEDI,2,1,0
PEDI32,PEDI,2,1,0
PEDI140,PEDI,2,2,0
VEND104,VEND,2,1,0
KND-004770,KND,2,1,0
KND-004962,KND,2,1,0
KND-000091,KND,2,2,0
KND-000,KND,2,1,0
KND-000799,KND,2,2,0
ADMI45,ADMI,2,1,0
KND-004313,KND,2,1,0
CPRO16,CPRO,2,2,0
KND-000321,KND,2,2,0
ADMI1255,ADMI,2,2,0
KND-004168,KND,2,1,0
PREC24,PREC,2,2,0
PREC10,PREC,2,2,0
KND-002957,KND,2,2,0
KND-002026,KND,2,1,0
VEND25,VEND,2,1,0
ADMI235,ADMI,2,1,0
VEND38,VEND,2,1,0
VEND89,VEND,2,1,0
VEND59,VEND,2,1,0
VEND128,VEND,2,1,0
COMP8,COMP,2,2,0
KND-002804,KND,2,2,0
KND-002011,KND,2,1,0
KND-000361,KND,2,2,0
COMP74,COMP,2,1,0
COMP76,COMP,2,2,0
KND-002294,KND,2,1,0
COMP45,COMP,2,2,0
KND-003827,KND,2,1,0
KND-002301,KND,2,1,0
COMP71,COMP,2,1,0
TERC7,TERC,2,1,0
TERC6,TERC,2,2,0
KND-000314,KND,2,1,0
ADMI266,ADMI,2,2,0
KND-004186,KND,2,1,0
ADMI162,ADMI,2,2,0
ADMI120,ADMI,2,2,0
ADMI21,ADMI,2,1,0
KND-001048,KND,2,1,0
KND-000418,KND,2,1,0
PREC22,PREC,2,2,0
PREC1,PREC,2,2,0
KND-000010,KND,2,1,0
ORA-12953,ORA,2,1,0
EPRO015,EPRO,2,2,0
ORA-29280,ORA,2,1,0
KND-002309,KND,2,2,0
KND-002330,KND,2,1,0
CPRO9,CPRO,2,2,0
CPRO21,CPRO,2,2,0
KND-004111,KND,2,2,0
MIND19,MIND,2,2,0
MIND21,MIND,2,2,0
MIND12,MIND,2,2,0
MIND02,MIND,2,2,0
ADMI31,ADMI,2,1,0
KND-000257,KND,2,1,0
CUST21,CUST,2,1,0
CUST25,CUST,2,1,0
CLAB7,CLAB,2,1,0
KND-004055,KND,2,2,0
ADMI73,ADMI,2,1,0
KND-0202098,KND,2,2,0
ESTO166,ESTO,2,2,0
KND-004140,KND,2,2,0
KND-002025,KND,2,1,0
FATU81,FATU,2,2,0
CREC90,CREC,2,2,0
CREC32,CREC,2,2,0
KND-005114,KND,2,2,0
KND-000292,KND,2,2,0
CFAB190,CFAB,2,2,0
KND-000396,KND,2,2,0
KND-005115,KND,2,2,0
FATU11,FATU,1,1,0
CONT53,CONT,1,1,0
ESTO68,ESTO,1,1,0
CONT18,CONT,1,1,0
CONT54,CONT,1,1,0
KND-000977,KND,1,1,0
CEXC19,CEXC,1,1,0
ORA-20005,ORA,1,1,0
ADMI206,ADMI,1,1,0
ADMI103,ADMI,1,1,0
ADMI68,ADMI,1,1,0
FATU184,FATU,1,1,0
FATU190,FATU,1,1,0
ADMI100,ADMI,1,1,0
CPAG4,CPAG,1,1,0
RHUM4,RHUM,1,1,0
KND-002471,KND,1,1,0
LFIS124,LFIS,1,1,0
RHUM6,RHUM,1,1,0
RHUM7,RHUM,1,1,0
FPAG8,FPAG,1,1,0
FPAG1,FPAG,1,1,0
CONT3,CONT,1,1,0
ADMI2322,ADMI,1,1,0
KND-003984,KND,1,1,0
KND-009977,KND,1,1,0
KND-002100,KND,1,1,0
KND-00375,KND,1,1,0
ADMI75,ADMI,1,1,0
ADMI74,ADMI,1,1,0
CONT50,CONT,1,1,0
LFIS72,LFIS,1,1,0
ADMI130,ADMI,1,1,0
KND-005088,KND,1,1,0
KND-005087,KND,1,1,0
KND-005086,KND,1,1,0
KND-002267,KND,1,1,0
KND-001103,KND,1,1,0
KND-001051,KND,1,1,0
KND-003526,KND,1,1,0
ORA-22285,ORA,1,1,0
ORA-22828,ORA,1,1,0
KND-004454,KND,1,1,0
KND-004410,KND,1,1,0
KND-004408,KND,1,1,0
KND-004409,KND,1,1,0
KND-004653,KND,1,1,0
ORA-00502,ORA,1,1,0
KND-004652,KND,1,1,0
KND-004425,KND,1,1,0
KND-004423,KND,1,1,0
KND-004422,KND,1,1,0
KND-004424,KND,1,1,0
EPRO96,EPRO,1,1,0
EPRO98,EPRO,1,1,0
EPRO97,EPRO,1,1,0
KND-002368,KND,1,1,0
KND-004775,KND,1,1,0
ADMI112,ADMI,1,1,0
KND-00151,KND,1,1,0
KND-004565,KND,1,1,0
KND-000946,KND,1,1,0
KND-000890,KND,1,1,0
KND-000497,KND,1,1,0
KND-000997,KND,1,1,0
CFAB6,CFAB,1,1,0
KND-002844,KND,1,1,0
KND-002843,KND,1,1,0
KND-000026,KND,1,1,0
KND-001017,KND,1,1,0
KND-000793,KND,1,1,0
KND-00478,KND,1,1,0
ORA-06503,ORA,1,1,0
KND-000377,KND,1,1,0
KND-000304,KND,1,1,0
KND-002836,KND,1,1,0
KND-002835,KND,1,1,0
CFAB184,CFAB,1,1,0
KND-00337,KND,1,1,0
CFAB100,CFAB,1,1,0
KND-002979,KND,1,1,0
KND-002966,KND,1,1,0
KND-002663,KND,1,1,0
KND-000266,KND,1,1,0
KND-002867,KND,1,1,0
KND-002870,KND,1,1,0
KND-002866,KND,1,1,0
KND-002865,KND,1,1,0
KND-002875,KND,1,1,0
KND-002869,KND,1,1,0
KND-002864,KND,1,1,0
CFAB161,CFAB,1,1,0
EPRO42,EPRO,1,1,0
EPRO41,EPRO,1,1,0
KND-003643,KND,1,1,0
KND-000229,KND,1,1,0
KND-002652,KND,1,1,0
ESTO87,ESTO,1,1,0
FATU03,FATU,1,1,0
CEXC1078,CEXC,1,1,0
CEXC1079,CEXC,1,1,0
CFAB06,CFAB,1,1,0
EPRO134,EPRO,1,1,0
CLAB20,CLAB,1,1,0
CFAB60,CFAB,1,1,0
KND-00022,KND,1,1,0
CFAB15,CFAB,1,1,0
KND-00386,KND,1,1,0
KND-03386,KND,1,1,0
KND-003426,KND,1,1,0
KND-003281,KND,1,1,0
KND-003299,KND,1,1,0
KND-003195,KND,1,1,0
KND-002286,KND,1,1,0
KND-002766,KND,1,1,0
CEXT8,CEXT,1,1,0
KND-003642,KND,1,1,0
KND-004109,KND,1,1,0
KND-004108,KND,1,1,0
KND-000717,KND,1,1,0
ESTO106,ESTO,1,1,0
CEXC1108,CEXC,1,1,0
CEXC1095,CEXC,1,1,0
CUST18,CUST,1,1,0
ESTO70,ESTO,1,1,0
KND-004107,KND,1,1,0
KND-002983,KND,1,1,0
KND-002982,KND,1,1,0
KND-003381,KND,1,1,0
ORA-30036,ORA,1,1,0
KND-002068,KND,1,1,0
KND-003437,KND,1,1,0
KND-009886,KND,1,1,0
KND-000309,KND,1,1,0
KND-000310,KND,1,1,0
KND-000308,KND,1,1,0
KND-002115,KND,1,1,0
ESTO58,ESTO,1,1,0
EPRO24,EPRO,1,1,0
CEXC1085,CEXC,1,1,0
EPRO4,EPRO,1,1,0
CFAB49,CFAB,1,1,0
CFAB37,CFAB,1,1,0
KND-000759,KND,1,1,0
ORA-0176,ORA,1,1,0
CONT24,CONT,1,1,0
CONT23,CONT,1,1,0
CONT37,CONT,1,1,0
CONT38,CONT,1,1,0
CONT6,CONT,1,1,0
KND-004072,KND,1,1,0
CONT52,CONT,1,1,0
CONT39,CONT,1,1,0
ESTO111,ESTO,1,1,0
ESTO28,ESTO,1,1,0
KND-004274,KND,1,1,0
KND-001120,KND,1,1,0
KND-000919,KND,1,1,0
ESTO041,ESTO,1,1,0
ESTO46,ESTO,1,1,0
KND-002469,KND,1,1,0
KND-00307,KND,1,1,0
KND-002497,KND,1,1,0
KND-002859,KND,1,1,0
KND-002812,KND,1,1,0
ESTO29,ESTO,1,1,0
ADMI29,ADMI,1,1,0
KND-004112,KND,1,1,0
KND-003353,KND,1,1,0
ESTO150,ESTO,1,1,0
KND-004270,KND,1,1,0
KND-00014,KND,1,1,0
KND-000227,KND,1,1,0
KND-0000227,KND,1,1,0
KND-004127,KND,1,1,0
CEXC1022,CEXC,1,1,0
RECE27,RECE,1,1,0
RECE10,RECE,1,1,0
FATU39,FATU,1,1,0
FATU117,FATU,1,1,0
KND-002014,KND,1,1,0
ADMI11,ADMI,1,1,0
ADMI12,ADMI,1,1,0
KND-002197,KND,1,1,0
KND-004382,KND,1,1,0
KND-000969,KND,1,1,0
KND-000716,KND,1,1,0
KND-003945,KND,1,1,0
RECE23,RECE,1,1,0
CONT10,CONT,1,1,0
KND-004368,KND,1,1,0
KND-004040,KND,1,1,0
FATU72,FATU,1,1,0
ADMI166,ADMI,1,1,0
KND-004502,KND,1,1,0
KND-004825,KND,1,1,0
ORA-04025,ORA,1,1,0
ADMI142,ADMI,1,1,0
ORA-00923,ORA,1,1,0
KND-000159,KND,1,1,0
FATU23,FATU,1,1,0
FATU255,FATU,1,1,0
FATU161,FATU,1,1,0
KND-003810,KND,1,1,0
ESTO84,ESTO,1,1,0
ESTO127,ESTO,1,1,0
ESTO50,ESTO,1,1,0
ESTO140,ESTO,1,1,0
CEXC31,CEXC,1,1,0
KND-000737,KND,1,1,0
ESTO152,ESTO,1,1,0
ESTO114,ESTO,1,1,0
ESTO53,ESTO,1,1,0
ESTO153,ESTO,1,1,0
ESTO145,ESTO,1,1,0
LFIS85,LFIS,1,1,0
KND-00731,KND,1,1,0
KND-004903,KND,1,1,0
KND-00403,KND,1,1,0
KND-00389,KND,1,1,0
ESTO74,ESTO,1,1,0
ESTO75,ESTO,1,1,0
KND-003516,KND,1,1,0
KND-001516,KND,1,1,0
KND-002406,KND,1,1,0
ESTO55,ESTO,1,1,0
RECE36,RECE,1,1,0
FATU103,FATU,1,1,0
KND-004633,KND,1,1,0
KND-004630,KND,1,1,0
KND-004631,KND,1,1,0
CEXC63,CEXC,1,1,0
ESTO147,ESTO,1,1,0
KND-000981,KND,1,1,0
KND-004886,KND,1,1,0
KND-004855,KND,1,1,0
KND-004885,KND,1,1,0
KND-004854,KND,1,1,0
KND-004856,KND,1,1,0
KND-004857,KND,1,1,0
PEDI38,PEDI,1,1,0
KND-002402,KND,1,1,0
KND-002400,KND,1,1,0
KND-001058,KND,1,1,0
KND-004796,KND,1,1,0
KND-004267,KND,1,1,0
FATU97,FATU,1,1,0
FATU57,FATU,1,1,0
FATU60,FATU,1,1,0
RECE44,RECE,1,1,0
FATU53,FATU,1,1,0
FATU0,FATU,1,1,0
VEND129,VEND,1,1,0
ESTO34,ESTO,1,1,0
CEXC1029,CEXC,1,1,0
CEXC1028,CEXC,1,1,0
KND-004002,KND,1,1,0
KND-004003,KND,1,1,0
KND-004066,KND,1,1,0
KND-004065,KND,1,1,0
KND-004439,KND,1,1,0
KND-004440,KND,1,1,0
KND-004688,KND,1,1,0
ADMI54,ADMI,1,1,0
KND-004478,KND,1,1,0
KND-004477,KND,1,1,0
KND-004481,KND,1,1,0
KND-004479,KND,1,1,0
KND-004935,KND,1,1,0
KND-003883,KND,1,1,0
KND-003697,KND,1,1,0
KND-003739,KND,1,1,0
KND-003703,KND,1,1,0
KND-004797,KND,1,1,0
FATU19,FATU,1,1,0
KND-002050,KND,1,1,0
FATU58,FATU,1,1,0
ADMI72,ADMI,1,1,0
FATU62,FATU,1,1,0
CPAG2,CPAG,1,1,0
CEXC5,CEXC,1,1,0
FATU8,FATU,1,1,0
CEXC7,CEXC,1,1,0
KND-003525,KND,1,1,0
KND-000499,KND,1,1,0
FATU42,FATU,1,1,0
KND-004082,KND,1,1,0
FATU70,FATU,1,1,0
FATU68,FATU,1,1,0
KND-000958,KND,1,1,0
COMP44,COMP,1,1,0
KND-002302,KND,1,1,0
KND-003467,KND,1,1,0
FATU54,FATU,1,1,0
KND-003880,KND,1,1,0
KND-000902,KND,1,1,0
MPSP1845,MPSP,1,1,0
ORA-06532,ORA,1,1,0
MPSP6,MPSP,1,1,0
MPSP7,MPSP,1,1,0
MPSP13,MPSP,1,1,0
ORA-00060,ORA,1,1,0
ORA-04030,ORA,1,1,0
ORA-01841,ORA,1,1,0
PREC0,PREC,1,1,0
KND-004460,KND,1,1,0
KND-004461,KND,1,1,0
KND-004476,KND,1,1,0
CFAB168,CFAB,1,1,0
KND-004628,KND,1,1,0
KND-002860,KND,1,1,0
KND-003472,KND,1,1,0
KND-003474,KND,1,1,0
KND-003760,KND,1,1,0
KND-003868,KND,1,1,0
KND-004655,KND,1,1,0
KND-00271,KND,1,1,0
KND-002838,KND,1,1,0
CFAB165,CFAB,1,1,0
EPRO315,EPRO,1,1,0
KND-003999,KND,1,1,0
KND-003996,KND,1,1,0
KND-003998,KND,1,1,0
KND-002622,KND,1,1,0
KND-002624,KND,1,1,0
KND-002623,KND,1,1,0
VEND078,VEND,1,1,0
CFAB146,CFAB,1,1,0
CFAB174,CFAB,1,1,0
CFAB139,CFAB,1,1,0
CEXC87,CEXC,1,1,0
CEXC86,CEXC,1,1,0
CFAB157,CFAB,1,1,0
CFAB156,CFAB,1,1,0
CFAB148,CFAB,1,1,0
CFAB177,CFAB,1,1,0
CFAB189,CFAB,1,1,0
CFAB179,CFAB,1,1,0
CFAB175,CFAB,1,1,0
CFAB27,CFAB,1,1,0
EPRO160,EPRO,1,1,0
KND-000932,KND,1,1,0
KND-000748,KND,1,1,0
KND-000667,KND,1,1,0
ADMI178,ADMI,1,1,0
KND-002703,KND,1,1,0
KND-002770,KND,1,1,0
KND-002767,KND,1,1,0
PEDI87,PEDI,1,1,0
KND-004900,KND,1,1,0
KND-004897,KND,1,1,0
KND-004895,KND,1,1,0
FATU142,FATU,1,1,0
FATU133,FATU,1,1,0
KND-004899,KND,1,1,0
CFAB108,CFAB,1,1,0
KND-000672,KND,1,1,0
EPRO106,EPRO,1,1,0
CFAB113,CFAB,1,1,0
PEDI34,PEDI,1,1,0
PEDI35,PEDI,1,1,0
KND-002333,KND,1,1,0
CFAB119,CFAB,1,1,0
CFAB99,CFAB,1,1,0
CFAB08,CFAB,1,1,0
MPSP59,MPSP,1,1,0
MPSP60,MPSP,1,1,0
EPRO112,EPRO,1,1,0
EPRO113,EPRO,1,1,0
MPSP56,MPSP,1,1,0
CEXC85,CEXC,1,1,0
CEXC90,CEXC,1,1,0
MPSP68,MPSP,1,1,0
MPSP71,MPSP,1,1,0
CFAB75,CFAB,1,1,0
CFAB73,CFAB,1,1,0
CFAB72,CFAB,1,1,0
CFAB143,CFAB,1,1,0
MPSP28,MPSP,1,1,0
CFAB3,CFAB,1,1,0
MPSP32,MPSP,1,1,0
MPSP30,MPSP,1,1,0
MPSP8,MPSP,1,1,0
MPSP47,MPSP,1,1,0
KND-002777,KND,1,1,0
KND-002099,KND,1,1,0
KND-002839,KND,1,1,0
KND-004561,KND,1,1,0
KND-003980,KND,1,1,0
KND-003974,KND,1,1,0
KND-003972,KND,1,1,0
KND-003971,KND,1,1,0
KND-000735,KND,1,1,0
FATU129,FATU,1,1,0
FATU38,FATU,1,1,0
FATU138,FATU,1,1,0
CFAB31,CFAB,1,1,0
EPRO11,EPRO,1,1,0
EPRO29,EPRO,1,1,0
CEXC111,CEXC,1,1,0
VEND29,VEND,1,1,0
KND-004080,KND,1,1,0
ESTO05,ESTO,1,1,0
KND-000450,KND,1,1,0
ORA-01407,ORA,1,1,0
KND-004839,KND,1,1,0
KND-004251,KND,1,1,0
FATU175,FATU,1,1,0
KND-004303,KND,1,1,0
KND-004306,KND,1,1,0
KND-004307,KND,1,1,0
FATU83,FATU,1,1,0
KND-004334,KND,1,1,0
KND-004329,KND,1,1,0
KND-004215,KND,1,1,0
KND-004079,KND,1,1,0
KND-000022,KND,1,1,0
ESTO177,ESTO,1,1,0
KND-004794,KND,1,1,0
KND-004792,KND,1,1,0
KND-004788,KND,1,1,0
KND-004793,KND,1,1,0
KND-004812,KND,1,1,0
KND-004790,KND,1,1,0
KND-004789,KND,1,1,0
KND-004785,KND,1,1,0
KND-004783,KND,1,1,0
KND-004791,KND,1,1,0
KND-005092,KND,1,1,0
KND-004414,KND,1,1,0
CPRO25,CPRO,1,1,0
KND-002456,KND,1,1,0
KND-002452,KND,1,1,0
KND-002458,KND,1,1,0
KND-002442,KND,1,1,0
KND-002443,KND,1,1,0
KND-002453,KND,1,1,0
KND-002457,KND,1,1,0
KND-002454,KND,1,1,0
KND-002455,KND,1,1,0
KND-002451,KND,1,1,0
CUST5,CUST,1,1,0
KND-004157,KND,1,1,0
ORA-0000,ORA,1,1,0
FVEN16,FVEN,1,1,0
FVEN6,FVEN,1,1,0
KND-003976,KND,1,1,0
KND-003973,KND,1,1,0
KND-004016,KND,1,1,0
KND-004015,KND,1,1,0
FVEN12,FVEN,1,1,0
PEDI78,PEDI,1,1,0
KND-004545,KND,1,1,0
KND-004544,KND,1,1,0
KND-004537,KND,1,1,0
KND-002524,KND,1,1,0
KND-002525,KND,1,1,0
KND-002526,KND,1,1,0
KND-004236,KND,1,1,0
KND-000907,KND,1,1,0
KND-004540,KND,1,1,0
KND-004538,KND,1,1,0
KND-004541,KND,1,1,0
KND-00463,KND,1,1,0
PEDI41,PEDI,1,1,0
PEDI59,PEDI,1,1,0
KND-0002233,KND,1,1,0
PEDI135,PEDI,1,1,0
PEDI65,PEDI,1,1,0
PEDI70,PEDI,1,1,0
CPAG35,CPAG,1,1,0
EPRO17,EPRO,1,1,0
KND-004632,KND,1,1,0
KND-00484,KND,1,1,0
KND-000789,KND,1,1,0
KND-000818,KND,1,1,0
KND-002700,KND,1,1,0
KND-000809,KND,1,1,0
KND-000978,KND,1,1,0
KND-004583,KND,1,1,0
KND-003899,KND,1,1,0
KND-000974,KND,1,1,0
KND-002037,KND,1,1,0
KND-000464,KND,1,1,0
VEND102,VEND,1,1,0
PEDI134,PEDI,1,1,0
KND-004211,KND,1,1,0
KND-004641,KND,1,1,0
KND-004642,KND,1,1,0
KND-004643,KND,1,1,0
KND-004646,KND,1,1,0
KND-004648,KND,1,1,0
KND-004638,KND,1,1,0
KND-004640,KND,1,1,0
KND-004639,KND,1,1,0
KND-004647,KND,1,1,0
KND-004644,KND,1,1,0
KND-004645,KND,1,1,0
KND-002390,KND,1,1,0
KND-000770,KND,1,1,0
KND-002475,KND,1,1,0
KND-002519,KND,1,1,0
KND-03444,KND,1,1,0
PEDI137,PEDI,1,1,0
KND-004098,KND,1,1,0
KND-004114,KND,1,1,0
PEDI145,PEDI,1,1,0
CEXC1090,CEXC,1,1,0
KND-000954,KND,1,1,0
VEND57,VEND,1,1,0
KND-004469,KND,1,1,0
KND-004470,KND,1,1,0
KND-000478,KND,1,1,0
KND-001028,KND,1,1,0
PEDI36,PEDI,1,1,0
PEDI37,PEDI,1,1,0
PEDI56,PEDI,1,1,0
CEXT81,CEXT,1,1,0
CEXT82,CEXT,1,1,0
PEDI68,PEDI,1,1,0
VEND131,VEND,1,1,0
VEND106,VEND,1,1,0
PEDI88,PEDI,1,1,0
PEDI39,PEDI,1,1,0
PEDI125,PEDI,1,1,0
PEDI16,PEDI,1,1,0
KND-004669,KND,1,1,0
KND-004663,KND,1,1,0
VEND124,VEND,1,1,0
KND-004666,KND,1,1,0
KND-004668,KND,1,1,0
KND-004670,KND,1,1,0
KND-004667,KND,1,1,0
KND-004692,KND,1,1,0
KND-004867,KND,1,1,0
KND-004861,KND,1,1,0
KND-004190,KND,1,1,0
KND-004428,KND,1,1,0
KND-004429,KND,1,1,0
PEDI71,PEDI,1,1,0
KND-004420,KND,1,1,0
KND-004417,KND,1,1,0
KND-004427,KND,1,1,0
KND-004416,KND,1,1,0
KND-004421,KND,1,1,0
KND-004419,KND,1,1,0
KND-005014,KND,1,1,0
KND-005013,KND,1,1,0
KND-005015,KND,1,1,0
KND-000803,KND,1,1,0
KND-000797,KND,1,1,0
ADMI0260,ADMI,1,1,0
KND-004556,KND,1,1,0
ADMI41,ADMI,1,1,0
ADMI141,ADMI,1,1,0
KND-004285,KND,1,1,0
KND-004280,KND,1,1,0
KND-004282,KND,1,1,0
KND-004281,KND,1,1,0
KND-004284,KND,1,1,0
KND-004310,KND,1,1,0
KND-004311,KND,1,1,0
KND-004312,KND,1,1,0
CPRO15,CPRO,1,1,0
KND-004344,KND,1,1,0
KND-004292,KND,1,1,0
ORA-20100,ORA,1,1,0
KND-004821,KND,1,1,0
KND-004781,KND,1,1,0
KND-004816,KND,1,1,0
KND-004817,KND,1,1,0
KND-004782,KND,1,1,0
KND-004800,KND,1,1,0
KND-004801,KND,1,1,0
KND-004802,KND,1,1,0
KND-004780,KND,1,1,0
KND-004818,KND,1,1,0
KND-002310,KND,1,1,0
ADMI176,ADMI,1,1,0
EPRO157,EPRO,1,1,0
ESTO170,ESTO,1,1,0
PEDI176,PEDI,1,1,0
ADMI52,ADMI,1,1,0
KND-004684,KND,1,1,0
KND-004686,KND,1,1,0
ADMI275,ADMI,1,1,0
VEND19,VEND,1,1,0
VEND116,VEND,1,1,0
KND-000495,KND,1,1,0
KND-002754,KND,1,1,0
ADMI114,ADMI,1,1,0
VEND82,VEND,1,1,0
VEND33,VEND,1,1,0
VEND13,VEND,1,1,0
KND-002849,KND,1,1,0
KND-002846,KND,1,1,0
KND-000480,KND,1,1,0
KND-004321,KND,1,1,0
VEND235,VEND,1,1,0
KND-000463,KND,1,1,0
VEND90,VEND,1,1,0
VEND34,VEND,1,1,0
FATU139,FATU,1,1,0
VEND111,VEND,1,1,0
PEDI85,PEDI,1,1,0
CEXC13,CEXC,1,1,0
CEXC97,CEXC,1,1,0
COMP60,COMP,1,1,0
KND-004735,KND,1,1,0
ORA-29289,ORA,1,1,0
KND-002803,KND,1,1,0
KND-002813,KND,1,1,0
KND-002845,KND,1,1,0
COMP51,COMP,1,1,0
KND-00001113,KND,1,1,0
KND-001113,KND,1,1,0
KND-004095,KND,1,1,0
ADMI67,ADMI,1,1,0
KND-002228,KND,1,1,0
KND-001036,KND,1,1,0
COMP40,COMP,1,1,0
KND-002687,KND,1,1,0
KND-002686,KND,1,1,0
KND-000363,KND,1,1,0
KND-000561,KND,1,1,0
COMP64,COMP,1,1,0
COMP67,COMP,1,1,0
COMP68,COMP,1,1,0
COMP66,COMP,1,1,0
KND-004756,KND,1,1,0
COMP42,COMP,1,1,0
COMP30,COMP,1,1,0
KND-000376,KND,1,1,0
KND-003861,KND,1,1,0
KND-003466,KND,1,1,0
KND-000346,KND,1,1,0
KND-004183,KND,1,1,0
COMP53,COMP,1,1,0
KND-004396,KND,1,1,0
COMP47,COMP,1,1,0
COMP27,COMP,1,1,0
COMP63,COMP,1,1,0
ADMI154,ADMI,1,1,0
EPRO259,EPRO,1,1,0
CREC35,CREC,1,1,0
KND-004594,KND,1,1,0
KND-003786,KND,1,1,0
ORA-20001,ORA,1,1,0
TERC16,TERC,1,1,0
TERC17,TERC,1,1,0
CFAB25,CFAB,1,1,0
TERC12,TERC,1,1,0
TERC44,TERC,1,1,0
TERC21,TERC,1,1,0
KND-002534,KND,1,1,0
ORA-06550,ORA,1,1,0
KND-000317,KND,1,1,0
KND-004322,KND,1,1,0
KND-002027,KND,1,1,0
KND-004171,KND,1,1,0
KND-004170,KND,1,1,0
ADMI76,ADMI,1,1,0
ADMI136,ADMI,1,1,0
ADMI15,ADMI,1,1,0
KND-004185,KND,1,1,0
ORA-00054,ORA,1,1,0
ADMI155,ADMI,1,1,0
KND-003062,KND,1,1,0
ADMI1229,ADMI,1,1,0
ADMI78,ADMI,1,1,0
ADMI185,ADMI,1,1,0
ADMI04,ADMI,1,1,0
KND-002753,KND,1,1,0
KND-004340,KND,1,1,0
EPRO104,EPRO,1,1,0
KND-003571,KND,1,1,0
KND-003572,KND,1,1,0
KND-003738,KND,1,1,0
PREC29,PREC,1,1,0
KND-0000010,KND,1,1,0
ORA-1843,ORA,1,1,0
ORA-20,ORA,1,1,0
KND-000143,KND,1,1,0
ORA-01855,ORA,1,1,0
ORA-09933,ORA,1,1,0
ORA-08544,ORA,1,1,0
ORA-06584,ORA,1,1,0
ORA-08502,ORA,1,1,0
CFAB16,CFAB,1,1,0
FPAG82,FPAG,1,1,0
ADMI4,ADMI,1,1,0
ORA-00942,ORA,1,1,0
ORA-2000,ORA,1,1,0
KND-002552,KND,1,1,0
ADMI189,ADMI,1,1,0
ADMI39,ADMI,1,1,0
FATU01,FATU,1,1,0
FATU07,FATU,1,1,0
RECE11,RECE,1,1,0
KND-002322,KND,1,1,0
KND-00322,KND,1,1,0
CFAB133,CFAB,1,1,0
EPRO63,EPRO,1,1,0
KND-001032,KND,1,1,0
KND-004973,KND,1,1,0
KND-003038,KND,1,1,0
KND-0000238,KND,1,1,0
CPRO04,CPRO,1,1,0
CEXC15,CEXC,1,1,0
CEXC35,CEXC,1,1,0
CEXC34,CEXC,1,1,0
CPRO28,CPRO,1,1,0
CPRO7,CPRO,1,1,0
CEXC40,CEXC,1,1,0
ORA-01830,ORA,1,1,0
MIND18,MIND,1,1,0
MIND28,MIND,1,1,0
KND-004451,KND,1,1,0
KND-004447,KND,1,1,0
KND-004458,KND,1,1,0
KND-004452,KND,1,1,0
KND-004457,KND,1,1,0
KND-004448,KND,1,1,0
MIND030,MIND,1,1,0
MIND00,MIND,1,1,0
KND-003020,KND,1,1,0
MIND37,MIND,1,1,0
MIND40,MIND,1,1,0
KND-004828,KND,1,1,0
ORA-00906,ORA,1,1,0
CEXT25,CEXT,1,1,0
COMP18,COMP,1,1,0
ADMI131,ADMI,1,1,0
KND-000276,KND,1,1,0
KND-000254,KND,1,1,0
CUST24,CUST,1,1,0
CUST26,CUST,1,1,0
CUST27,CUST,1,1,0
CLAB5,CLAB,1,1,0
CLAB2,CLAB,1,1,0
CLAB4,CLAB,1,1,0
CLAB3,CLAB,1,1,0
CLAB10,CLAB,1,1,0
EPRO65,EPRO,1,1,0
CLAB11,CLAB,1,1,0
CLAB6,CLAB,1,1,0
ESTO120,ESTO,1,1,0
KND-00425,KND,1,1,0
EPRO72,EPRO,1,1,0
KND-004063,KND,1,1,0
KND-004061,KND,1,1,0
KND-004060,KND,1,1,0
ADMI149,ADMI,1,1,0
KND-004054,KND,1,1,0
EPRO73,EPRO,1,1,0
ADMI150,ADMI,1,1,0
KND-004057,KND,1,1,0
KND-004058,KND,1,1,0
KND-005085,KND,1,1,0
KND-000019,KND,1,1,0
KND-000518,KND,1,1,0
KND-000513,KND,1,1,0
KND-004094,KND,1,1,0
CEXT21,CEXT,1,1,0
CEXC24,CEXC,1,1,0
CEXT102,CEXT,1,1,0
CEXT02,CEXT,1,1,0
KND-004025,KND,1,1,0
FATU47,FATU,1,1,0
ADMI147,ADMI,1,1,0
FATU152,FATU,1,1,0
FATU148,FATU,1,1,0
KND-004031,KND,1,1,0
FATU154,FATU,1,1,0
KND-004030,KND,1,1,0
KND-002187,KND,1,1,0
KND-000688,KND,1,1,0
KND-000689,KND,1,1,0
ORA-22275,ORA,1,1,0
KND-002142,KND,1,1,0
PEDI147,PEDI,1,1,0
ORA-02282,ORA,1,1,0
ADMI55,ADMI,1,1,0
KND-0000263,KND,1,1,0
PEDI1127,PEDI,1,1,0
ORA-0651,ORA,1,1,0
KND-004141,KND,1,1,0
KND-004139,KND,1,1,0
KND-004848,KND,1,1,0
KND-004840,KND,1,1,0
KND-004849,KND,1,1,0
KND-004845,KND,1,1,0
KND-004844,KND,1,1,0
KND-004820,KND,1,1,0
KND-004824,KND,1,1,0
KND-004830,KND,1,1,0
KND-004829,KND,1,1,0
KND-004841,KND,1,1,0
KND-004851,KND,1,1,0
KND-004833,KND,1,1,0
KND-004834,KND,1,1,0
KND-004843,KND,1,1,0
KND-004836,KND,1,1,0
KND-004832,KND,1,1,0
KND-004835,KND,1,1,0
KND-004831,KND,1,1,0
KND-004837,KND,1,1,0
KND-004846,KND,1,1,0
KND-004842,KND,1,1,0
KND-004838,KND,1,1,0
KND-004,KND,1,1,0
KND-004017,KND,1,1,0
ORA-01008,ORA,1,1,0
FATU78,FATU,1,1,0
ORA-01461,ORA,1,1,0
CREC49,CREC,1,1,0
ADMI174,ADMI,1,1,0
CEXT26,CEXT,1,1,0
CEXT27,CEXT,1,1,0
CREC26,CREC,1,1,0
CPAG26,CPAG,1,1,0
VEND132,VEND,1,1,0
EPRO114,EPRO,1,1,0
ESTO142,ESTO,1,1,0
CPAG30,CPAG,1,1,0
CONT46,CONT,1,1,0
CEXT78,CEXT,1,1,0
CEXC18,CEXC,1,1,0
CPAG32,CPAG,1,1,0
KND-004689,KND,1,1,0
KND-000156,KND,1,1,0
KND-000727,KND,1,1,0
CEXC100,CEXC,1,1,0
CEXC108,CEXC,1,1,0
EPRO102,EPRO,1,1,0
MPSP57,MPSP,1,1,0
MPSP49,MPSP,1,1,0
CPAG6,CPAG,1,1,0
ADMI2,ADMI,1,1,0
RHUM23,RHUM,1,1,0
RECE18,RECE,1,1,0
KND-005107,KND,1,1,0
ESTO0,ESTO,1,1,0
ADMI163,ADMI,1,1,0
PEDI92,PEDI,1,1,0
CREC91,CREC,1,1,0
VEND11,VEND,1,1,0
VEND8,VEND,1,1,0
VEND37,VEND,1,1,0
ORA-01789,ORA,1,1,0
KND-002078,KND,1,1,0
ORA-06312,ORA,1,1,0
