from,to,together,documents,from_baskets,to_baskets,confidence,lift,conviction,cross_module,kind,evidence,score
ADMI125,ADMI6,18,18,24,159,0.75,37.07,3.92,0,program->program,51-0 67-0 97-9,14.869
ESTO71,ESTO25,27,26,35,343,0.771,17.67,4.18,0,program->program,7-0 74-0 76-1,14.266
CPRO3,CPRO4,22,13,34,67,0.647,75.89,2.81,0,program->program,149-3 188-2 189-28,12.841
EPRO18,EPRO2,10,9,12,38,0.833,172.32,5.97,0,program->program,80-140 103-0 150-0,12.562
ADMI96,ADMI102,8,8,9,13,0.889,537.3,8.99,0,program->program,16-2 84-5 85-8,11.987
CFAB86,CFAB85,16,5,17,47,0.941,157.36,16.9,0,program->program,121-18 132-7 135-0,11.73
FATU79,FATU2,9,9,9,321,1.0,24.48,inf,0,program->program,919-0 928-0 929-10,11.638
CPRO27,CPRO24,12,6,14,15,0.857,449.03,6.99,0,program->program,2-3 476-1 479-4,11.241
TERC10,RECE7,12,10,18,72,0.667,72.76,2.97,1,program->program,211-31 212-29 331-2,11.213
ESTO3,ESTO4,16,12,27,64,0.593,72.76,2.43,0,program->program,175-0 181-0 190-5,11.195
TERC2,TERC1,10,9,14,34,0.714,165.08,3.48,0,program->program,136-5 211-32 530-1,11.084
CPRO24,CPRO27,12,6,15,14,0.8,449.03,4.99,0,program->program,2-3 476-1 479-4,10.616
CFAB39,CFAB59,6,6,6,115,1.0,68.33,inf,0,program->program,132-6 142-0 144-1,10.616
CPRO1,CPRO3,12,8,18,34,0.667,154.08,2.99,0,program->program,149-3 274-30 504-4,10.275
MIND31,MIND1,9,4,9,16,1.0,491.12,inf,0,program->program,838-18 845-7 846-0,9.878
ESTO2,ESTO4,16,13,32,64,0.5,61.39,1.98,0,program->program,100-0 181-3 190-5,9.873
ESTO3,ESTO2,15,10,27,32,0.556,136.42,2.24,0,program->program,181-1 190-4 194-19,9.812
MPSP75,MPSP74,19,3,19,28,1.0,280.64,inf,0,program->program,439-0 441-1 442-1,9.798
VEND79,VEND78,6,5,6,29,1.0,270.97,inf,0,program->program,579-13 588-3 589-2,9.775
ESTO112,CFAB59,38,28,91,115,0.418,28.53,1.69,1,program->program,44-2 97-9 102-1,9.592
MIND15,MIND16,9,7,13,15,0.692,362.68,3.24,0,program->program,211-87 212-68 833-1,9.572
COMP49,COMP13,9,4,9,186,1.0,42.25,inf,0,program->program,668-1 678-29 681-1,9.464
PREC19,PREC18,10,4,11,17,0.909,420.21,10.98,0,program->program,766-0 773-10 784-1,9.408
ADMI102,ADMI96,8,8,13,9,0.615,537.3,2.6,0,program->program,16-2 84-5 85-8,8.991
MIND31,MIND30,8,4,9,13,0.889,537.3,8.99,0,program->program,838-18 845-9 846-0,8.781
ESTO81,MPSP46,11,6,17,72,0.647,70.62,2.81,1,program->program,104-7 121-4 126-0,8.758
FATU17,FATU16,20,4,26,140,0.769,43.18,4.26,0,program->program,281-2 454-0 455-0,8.752
PEDI27,PEDI26,7,6,10,24,0.7,229.19,3.32,0,program->program,416-36 585-2 586-0,8.575
EPRO2,EPRO15,27,15,38,655,0.711,8.52,3.17,0,program->program,80-41 101-8 103-0,8.564
ADMI144,ESTO67,7,5,9,29,0.778,210.75,4.48,1,program->program,152-4 193-5 474-2,8.553
PEDI73,PEDI44,7,5,9,112,0.778,54.57,4.44,0,program->program,257-59 258-30 547-33,8.553
CFAB10,CFAB1,15,12,30,120,0.5,32.74,1.97,0,program->program,89-13 119-8 131-1,8.539
FATU22,FATU16,11,5,15,140,0.733,41.16,3.68,0,program->program,254-0 280-1 454-6,8.527
MIND16,MIND15,9,7,15,13,0.6,362.68,2.5,0,program->program,211-87 212-68 833-1,8.509
RECE2,FATU3,47,32,110,217,0.427,15.47,1.7,1,program->program,44-0 72-0 74-1,8.48
CPRO22,CPRO3,9,4,11,34,0.818,189.1,5.48,0,program->program,479-4 480-0 515-0,8.467
CPRO22,CPRO4,9,4,11,67,0.818,95.96,5.45,0,program->program,479-4 480-0 515-0,8.467
CPRO22,RECE50,9,4,11,34,0.818,189.1,5.48,1,program->program,479-4 480-3 485-3,8.467
TERC2,TERC3,8,8,14,28,0.571,160.37,2.33,0,program->program,136-5 716-20 719-1,8.462
ESTO67,ESTO73,15,8,29,31,0.517,131.11,2.06,0,program->program,152-4 174-22 175-0,8.429
ESTO2,ESTO3,15,10,32,27,0.469,136.42,1.88,0,program->program,181-1 190-4 194-19,8.41
MIND1,MIND22,10,6,16,31,0.625,158.43,2.66,0,program->program,836-0 838-8 843-6,8.381
CFAB83,CFAB78,8,5,11,13,0.727,439.61,3.66,0,program->program,120-3 121-46 122-0,8.379
TERC1,ESTO25,20,15,34,343,0.588,13.48,2.32,1,program->program,80-107 200-10 201-20,8.337
ESTO71,FATU2,19,19,35,321,0.543,13.29,2.1,1,program->program,7-0 74-0 211-32,8.291
VEND94,PEDI1,8,8,9,499,0.889,14.0,8.43,1,program->program,211-168 258-36 598-0,8.256
EPRO02,EPRO2,5,4,5,38,1.0,206.79,inf,0,program->program,80-206 353-5 361-1,8.232
CPRO24,RECE50,10,5,15,34,0.667,154.08,2.99,1,program->program,2-3 141-9 479-1,8.146
ADMI109,ADMI91,5,5,6,7,0.833,935.48,5.99,0,program->program,15-0 16-3 796-5,8.146
ADMI101,ADMI102,5,5,6,13,0.833,503.72,5.99,0,program->program,85-8 88-0 799-8,8.146
ADMI101,ADMI96,5,5,6,9,0.833,727.59,5.99,0,program->program,85-8 88-8 799-8,8.146
TERC5,RECE7,5,5,6,72,0.833,90.95,5.95,1,program->program,705-0 720-3 918-1,8.146
TERC5,TERC2,5,5,6,14,0.833,467.74,5.99,0,program->program,705-0 716-20 918-1,8.146
TERC10,TERC1,9,9,18,34,0.5,115.56,1.99,0,program->program,211-32 625-2 701-1,8.076
VEND114,VEND78,6,5,8,29,0.75,203.22,3.99,0,program->program,211-112 573-141 588-3,7.998
ESTO73,ESTO67,15,8,31,29,0.484,131.11,1.93,0,program->program,152-4 174-22 175-0,7.933
ADMI91,ADMI102,6,4,7,13,0.857,518.11,6.99,0,program->program,15-0 16-0 799-2,7.903
ADMI80,ADMI35,6,4,7,60,0.857,112.26,6.95,0,program->program,608-59 635-0 730-18,7.903
CFAB97,CFAB90,7,5,10,83,0.7,66.27,3.3,0,program->program,118-0 138-36 139-1,7.895
COMP50,COMP13,15,6,23,186,0.652,27.55,2.81,0,program->program,668-1 678-29 682-3,7.832
CFAB10,CFAB2,15,14,30,196,0.5,20.05,1.95,0,program->program,89-108 148-0 170-68,7.806
ADMI264,ADMI265,16,4,24,31,0.667,168.99,2.99,0,program->program,48-0 71-5 634-11,7.805
COMP37,COMP39,13,4,19,32,0.684,168.02,3.15,0,program->program,663-0 667-2 683-6,7.783
MIND31,MIND22,7,4,9,31,0.778,197.15,4.48,0,program->program,838-18 845-7 846-1,7.683
CFAB59,ESTO112,38,28,115,91,0.33,28.53,1.48,1,program->program,44-2 97-9 102-1,7.641
FATU146,FATU61,31,9,57,211,0.544,20.25,2.13,0,program->program,213-12 292-18 887-0,7.568
CFAB79,CFAB101,8,7,15,37,0.533,113.27,2.13,0,program->program,80-77 95-5 114-1,7.563
COMP49,COMP50,8,3,9,23,0.889,303.69,8.97,0,program->program,668-1 678-29 683-36,7.563
ADMI92,ADMI109,4,4,4,6,1.0,1309.67,inf,0,program->program,16-2 796-5 799-4,7.526
ADMI92,ADMI91,4,4,4,7,1.0,1122.57,inf,0,program->program,16-3 796-5 799-4,7.526
CFAB112,ESTO112,4,4,4,91,1.0,86.35,inf,1,program->program,122-2 151-40 202-97,7.526
TERC4,TERC1,4,4,4,34,1.0,231.12,inf,0,program->program,716-20 918-1 920-0,7.526
TERC4,TERC2,4,4,4,14,1.0,561.29,inf,0,program->program,716-20 918-1 920-0,7.526
TERC4,TERC3,4,4,4,28,1.0,280.64,inf,0,program->program,716-20 918-1 920-0,7.526
TERC4,TERC5,4,4,4,6,1.0,1309.67,inf,0,program->program,716-20 918-1 920-0,7.526
CFAB78,CFAB85,9,4,13,47,0.692,115.75,3.23,0,program->program,120-4 121-26 135-0,7.409
MIND30,MIND1,9,4,13,16,0.692,340.01,3.24,0,program->program,838-9 845-9 846-0,7.409
MIND30,MIND22,9,4,13,31,0.692,175.49,3.24,0,program->program,838-9 845-6 846-1,7.409
RECE7,FATU3,31,20,72,217,0.431,15.59,1.71,1,program->program,72-0 74-1 76-1,7.357
TERC10,ESTO25,11,11,18,343,0.611,14.0,2.46,1,program->program,211-32 625-2 701-1,7.337
ADMI91,ADMI109,5,5,7,6,0.714,935.48,3.5,0,program->program,15-0 16-3 796-5,7.332
CFAB78,CFAB83,8,5,13,11,0.615,439.61,2.6,0,program->program,120-3 121-46 122-0,7.332
MIND14,MIND16,7,5,11,15,0.636,333.37,2.74,0,program->program,833-1 839-0 850-0,7.332
ESTO65,ESTO73,5,4,6,31,0.833,211.24,5.98,0,program->program,152-4 173-0 193-2,7.317
CEXC55,CEXC56,5,4,6,6,0.833,1091.39,6.0,0,program->program,374-22 375-3 471-5,7.317
CEXC56,CEXC55,5,4,6,6,0.833,1091.39,6.0,0,program->program,374-22 375-3 471-5,7.317
CPRO1,CPRO4,9,7,18,67,0.5,58.64,1.98,0,program->program,149-3 504-4 515-3,7.293
COMP4,COMP3,8,8,14,159,0.571,28.24,2.29,0,program->program,71-25 74-0 140-0,7.265
EPRO26,ESTO97,6,4,8,10,0.75,589.35,3.99,1,program->program,243-0 244-3 469-0,7.184
COMP39,COMP13,19,6,32,186,0.594,25.08,2.4,0,program->program,170-25 250-16 663-0,7.17
PEDI42,PEDI52,5,3,5,26,1.0,302.23,inf,0,program->program,557-0 573-134 575-9,7.091
EPRO69,EPRO15,9,8,11,655,0.818,9.82,5.04,0,program->program,80-82 101-8 103-16,7.001
CPRO27,CPRO4,9,4,14,67,0.643,75.4,2.78,0,program->program,2-0 479-4 480-0,6.973
CPRO27,RECE50,9,4,14,34,0.643,148.58,2.79,1,program->program,2-3 479-4 480-3,6.973
CPRO27,CPRO3,9,4,14,34,0.643,148.58,2.79,0,program->program,472-1 479-4 480-0,6.973
ESTO71,FATU3,16,15,35,217,0.457,16.55,1.79,1,program->program,7-0 74-1 76-1,6.962
MPSP74,MPSP75,19,3,28,19,0.679,280.64,3.1,0,program->program,439-0 441-1 442-1,6.953
FATU3,FATU2,78,60,217,321,0.359,8.8,1.5,0,program->program,7-0 72-0 74-1,6.924
TERC9,TERC3,6,6,11,28,0.545,153.08,2.19,0,program->program,76-1 335-5 529-2,6.825
CFAB102,CFAB101,6,3,7,37,0.857,182.04,6.97,0,program->program,114-3 135-4 512-1,6.807
FATU156,FATU153,6,3,7,72,0.857,93.55,6.94,0,program->program,489-6 490-1 501-0,6.807
CPRO4,CPRO3,22,13,67,34,0.328,75.89,1.48,0,program->program,149-3 188-2 189-28,6.788
CFAB97,CFAB96,6,5,10,11,0.6,428.62,2.5,0,program->program,110-7 118-0 135-0,6.768
COMP37,COMP13,13,4,19,186,0.684,28.91,3.09,0,program->program,103-4 663-0 667-2,6.727
CPRO29,CPRO4,5,5,8,67,0.625,73.3,2.64,0,program->program,211-135 822-3 823-0,6.665
FATU119,FATU6,7,3,9,61,0.778,100.19,4.47,0,program->program,159-3 160-1 286-2,6.618
MPSP77,MPSP74,7,3,9,28,0.778,218.28,4.48,0,program->program,439-2 441-0 442-1,6.618
CPRO24,CPRO4,9,4,15,67,0.6,70.37,2.48,0,program->program,2-0 479-4 480-0,6.585
ADMI89,ADMI104,4,4,5,6,0.8,1047.73,5.0,0,program->program,16-0 795-0 799-4,6.585
ADMI89,ADMI109,4,4,5,6,0.8,1047.73,5.0,0,program->program,16-0 796-6 799-4,6.585
FPAG23,RHUM9,4,4,5,11,0.8,571.49,4.99,1,program->program,27-0 970-2 978-7,6.585
VEND4,VEND2,4,4,5,39,0.8,161.19,4.98,0,program->program,75-1 487-74 573-154,6.585
ADMI18,ADMI8,4,4,5,87,0.8,72.26,4.94,0,program->program,80-90 194-20 274-12,6.585
CFAB83,CFAB85,7,4,11,47,0.636,106.39,2.73,0,program->program,120-4 121-13 135-0,6.585
FATU92,FATU26,4,4,5,7,0.8,898.06,5.0,0,program->program,278-1 477-1 524-0,6.585
PREC18,PREC19,10,4,17,11,0.588,420.21,2.43,0,program->program,766-0 773-10 784-1,6.585
MIND30,MIND31,8,4,13,9,0.615,537.3,2.6,0,program->program,838-18 845-9 846-0,6.585
FATU79,FATU3,6,6,9,217,0.667,24.14,2.92,0,program->program,919-0 928-0 929-10,6.53
EPRO101,ADMI35,4,3,4,60,1.0,130.97,inf,1,program->program,80-175 396-0 730-22,6.483
EPRO101,EPRO16,4,3,4,36,1.0,218.28,inf,0,program->program,80-175 396-0 730-22,6.483
PEDI8,PEDI7,4,3,4,62,1.0,126.74,inf,0,program->program,93-7 389-7 558-4,6.483
CPRO23,CPRO27,8,3,11,14,0.727,408.21,3.66,0,program->program,472-1 476-1 515-0,6.483
CPRO23,CPRO3,8,3,11,34,0.727,168.09,3.65,0,program->program,472-1 515-0 904-0,6.483
CPRO22,CPRO24,8,3,11,15,0.727,380.99,3.66,0,program->program,479-4 480-3 515-0,6.483
CPRO22,CPRO27,8,3,11,14,0.727,408.21,3.66,0,program->program,479-4 480-3 515-0,6.483
PREC27,PREC6,4,3,4,10,1.0,785.8,inf,0,program->program,781-1 783-0 786-4,6.483
MIND5,MIND6,4,3,4,6,1.0,1309.67,inf,0,program->program,843-6 848-0 849-14,6.483
ADMI66,RECE2,7,7,14,110,0.5,35.72,1.97,1,program->program,28-0 211-170 212-96,6.422
PEDI2,PEDI1,30,21,62,499,0.484,7.62,1.81,0,program->program,62-0 77-5 144-4,6.396
TERC10,FATU2,10,10,18,321,0.556,13.6,2.16,1,program->program,211-32 331-2 625-2,6.372
ESTO40,ESTO41,12,4,22,32,0.545,133.94,2.19,0,program->program,142-0 189-4 210-3,6.322
ADMI228,PEDI44,5,3,6,112,0.833,58.47,5.91,1,program->program,257-59 258-25 662-1,6.303
CFAB96,CFAB97,6,5,11,10,0.545,428.62,2.2,0,program->program,110-7 118-0 135-0,6.284
MIND14,MIND15,6,5,11,13,0.545,329.71,2.2,0,program->program,833-1 839-0 850-0,6.284
MIND1,MIND30,9,4,16,13,0.562,340.01,2.28,0,program->program,838-9 845-9 846-0,6.239
MIND1,MIND31,9,4,16,9,0.562,491.12,2.28,0,program->program,838-18 845-7 846-0,6.239
ADMI265,ADMI264,16,4,31,24,0.516,168.99,2.06,0,program->program,48-0 71-5 634-11,6.198
PEDI89,PEDI3,6,3,8,59,0.75,99.89,3.97,0,program->program,546-0 547-24 941-2,6.188
RECE2,FATU2,42,29,110,321,0.382,9.35,1.55,1,program->program,72-0 74-1 100-0,6.149
CFAB93,CFAB90,7,4,12,83,0.583,55.23,2.37,0,program->program,110-1 138-43 141-9,6.146
VEND100,PEDI1,9,9,14,499,0.643,10.12,2.62,1,program->program,258-50 919-1 923-3,6.112
ADMI96,ADMI122,5,5,9,38,0.556,114.88,2.24,0,program->program,16-0 85-16 799-4,6.11
ADMI96,ADMI101,5,5,9,6,0.556,727.59,2.25,0,program->program,85-8 88-8 799-8,6.11
CEXT85,CEXT84,5,5,9,17,0.556,256.8,2.25,0,program->program,144-3 856-3 860-1,6.11
VEND94,VEND98,5,5,9,18,0.556,242.53,2.24,0,program->program,211-168 258-36 650-1,6.11
ESTO97,EPRO26,6,4,10,8,0.6,589.35,2.5,1,program->program,243-0 244-3 469-0,6.079
TERC8,TERC9,5,4,8,11,0.625,446.48,2.66,0,program->program,76-1 529-2 704-0,5.987
ADMI145,ADMI144,5,4,8,9,0.625,545.69,2.66,0,program->program,152-4 474-2 808-2,5.987
ADMI102,ADMI122,6,6,13,38,0.462,95.44,1.85,0,program->program,16-0 85-12 799-7,5.972
CFAB56,PEDI7,7,7,17,62,0.412,52.19,1.69,1,program->program,93-0 369-1 416-9,5.956
COMP16,COMP13,12,3,17,186,0.706,29.82,3.32,0,program->program,170-25 683-6 691-2,5.935
ESTO73,ESTO7,16,9,31,319,0.516,12.71,1.98,0,program->program,152-4 173-0 174-27,5.905
ADMI109,ADMI102,4,4,6,13,0.667,402.97,3.0,0,program->program,15-0 16-2 799-4,5.854
ADMI109,ADMI90,4,4,6,9,0.667,582.07,3.0,0,program->program,15-0 16-3 799-4,5.854
ADMI104,ADMI89,4,4,6,5,0.667,1047.73,3.0,0,program->program,16-0 795-0 799-4,5.854
ADMI104,ADMI96,4,4,6,9,0.667,582.07,3.0,0,program->program,16-0 799-4 802-0,5.854
ADMI109,ADMI89,4,4,6,5,0.667,1047.73,3.0,0,program->program,16-0 796-6 799-4,5.854
ADMI109,ADMI92,4,4,6,4,0.667,1309.67,3.0,0,program->program,16-2 796-5 799-4,5.854
FPAG19,RHUM9,4,4,6,11,0.667,476.24,3.0,1,program->program,23-0 34-0 61-0,5.854
ADMI101,ADMI122,4,4,6,38,0.667,137.86,2.99,0,program->program,85-16 799-4 801-16,5.854
TERC5,TERC1,4,4,6,34,0.667,154.08,2.99,0,program->program,716-20 918-1 920-0,5.854
TERC5,TERC3,4,4,6,28,0.667,187.1,2.99,0,program->program,716-20 918-1 920-0,5.854
TERC5,TERC4,4,4,6,4,0.667,1309.67,3.0,0,program->program,716-20 918-1 920-0,5.854
CPRO3,CPRO1,12,8,34,18,0.353,154.08,1.54,0,program->program,149-3 274-30 504-4,5.832
PEDI44,FATU2,41,29,112,321,0.366,8.96,1.51,1,program->program,68-8 157-20 159-9,5.801
EPRO28,FVEN5,15,9,42,81,0.357,34.65,1.54,1,program->program,54-6 80-3 349-6,5.709
MIND16,MIND14,7,5,15,11,0.467,333.37,1.87,0,program->program,833-1 839-0 850-0,5.702
FATU74,FATU2,18,17,43,321,0.419,10.25,1.65,0,program->program,211-32 288-11 519-1,5.698
COMP6,COMP13,11,5,20,186,0.55,23.24,2.17,0,program->program,73-0 679-6 683-11,5.686
MPSP72,MPSP5,4,3,4,259,1.0,30.34,inf,0,program->program,215-16 414-1 678-53,5.68
CONT59,CUST1,3,3,3,17,1.0,462.24,inf,1,program->program,5-0 6-0 180-2,5.672
CONT59,CUST20,3,3,3,7,1.0,1122.57,inf,1,program->program,5-0 6-0 180-2,5.672
CONT59,CUST8,3,3,3,24,1.0,327.42,inf,1,program->program,5-0 6-0 180-2,5.672
EPRO99,EPRO61,3,3,3,36,1.0,218.28,inf,0,program->program,80-186 948-0 958-0,5.672
CFAB111,CFAB78,4,3,5,13,0.8,483.57,4.99,0,program->program,120-7 122-0 139-1,5.672
PREC13,PREC12,3,3,3,12,1.0,654.83,inf,0,program->program,141-12 766-0 773-10,5.672
ESTO109,MPSP46,5,3,7,72,0.714,77.96,3.47,1,program->program,146-0 344-44 345-15,5.672
CFAB21,CFAB20,3,3,3,5,1.0,1571.6,inf,0,program->program,149-2 170-101 433-1,5.672
ESTO66,ESTO67,3,3,3,29,1.0,270.97,inf,0,program->program,174-2 877-1 881-17,5.672
ESTO98,EPRO26,3,3,3,8,1.0,982.25,inf,1,program->program,244-5 469-0 497-0,5.672
ESTO98,ESTO97,3,3,3,10,1.0,785.8,inf,0,program->program,244-6 469-0 497-5,5.672
FATU103,RECE35,3,3,3,7,1.0,1122.57,inf,1,program->program,246-1 248-2 311-2,5.672
FATU103,RECE36,3,3,3,3,1.0,2619.33,inf,1,program->program,246-1 248-2 311-2,5.672
RECE36,FATU103,3,3,3,3,1.0,2619.33,inf,1,program->program,246-1 248-2 311-2,5.672
RECE36,RECE35,3,3,3,7,1.0,1122.57,inf,0,program->program,246-1 248-2 311-2,5.672
CEXC52,CEXC50,3,3,3,4,1.0,1964.5,inf,0,program->program,433-1 452-21 471-6,5.672
PREC16,PREC17,3,3,3,4,1.0,1964.5,inf,0,program->program,773-2 784-7 785-0,5.672
PREC16,PREC9,3,3,3,54,1.0,145.52,inf,0,program->program,773-2 784-7 785-0,5.672
MIND8,MIND1,3,3,3,16,1.0,491.12,inf,0,program->program,835-1 836-0 838-8,5.672
MIND29,MIND22,4,3,5,31,0.8,202.79,4.98,0,program->program,838-15 845-7 846-4,5.672
MIND30,MIND27,8,3,13,34,0.615,142.23,2.59,0,program->program,845-6 846-0 849-7,5.672
CPRO22,EPRO58,6,4,11,53,0.545,80.87,2.19,1,program->program,479-4 480-3 515-3,5.645
EPRO77,EPRO15,9,3,9,655,1.0,12.0,inf,0,program->program,150-0 361-4 383-13,5.551
FATU12,FATU74,10,9,31,43,0.323,58.95,1.47,0,program->program,211-32 288-11 519-1,5.542
MIND15,MIND14,6,5,13,11,0.462,329.71,1.85,0,program->program,833-1 839-0 850-0,5.499
ADMI144,ADMI145,5,4,9,8,0.556,545.69,2.25,0,program->program,152-4 474-2 808-2,5.488
ADMI263,ADMI260,5,4,9,21,0.556,207.88,2.24,0,program->program,608-1 609-3 635-1,5.488
TERC3,RECE7,10,8,28,72,0.357,38.98,1.54,1,program->program,76-1 259-11 331-6,5.441
CFAB19,CFAB7,7,4,14,38,0.5,103.39,1.99,0,program->program,97-1 125-5 374-32,5.423
ESTO2,ESTO7,14,13,32,319,0.438,10.78,1.71,0,program->program,100-0 190-2 235-54,5.419
MIND1,MIND27,9,3,16,34,0.562,130.0,2.28,0,program->program,846-0 848-0 849-8,5.374
EPRO02,EPRO15,5,4,5,655,1.0,12.0,inf,0,program->program,80-206 353-5 361-1,5.37
CFAB191,CFAB2,3,3,3,196,1.0,40.09,inf,0,program->program,958-0 983-1 984-0,5.361
EPRO18,EPRO15,8,8,12,655,0.667,8.0,2.75,0,program->program,80-140 103-0 150-0,5.359
CPRO27,CPRO23,8,3,14,11,0.571,408.21,2.33,0,program->program,472-1 476-1 515-0,5.339
CPRO27,CPRO22,8,3,14,11,0.571,408.21,2.33,0,program->program,479-4 480-3 515-0,5.339
ESTO16,ESTO15,8,5,19,47,0.421,70.4,1.72,0,program->program,147-7 185-29 189-21,5.332
ESTO104,ESTO7,6,5,9,319,0.667,16.42,2.88,0,program->program,151-24 153-1 157-25,5.328
CFAB79,EPRO34,6,6,15,29,0.4,108.39,1.66,1,program->program,80-77 95-5 114-7,5.308
ADMI91,ADMI90,4,4,7,9,0.571,498.92,2.33,0,program->program,15-0 16-3 799-4,5.268
ADMI91,ADMI92,4,4,7,4,0.571,1122.57,2.33,0,program->program,16-3 796-5 799-4,5.268
CREC4,ADMI8,4,4,7,87,0.571,51.61,2.31,1,program->program,77-7 967-0 977-0,5.268
FATU26,FATU92,4,4,7,5,0.571,898.06,2.33,0,program->program,278-1 477-1 524-0,5.268
EPRO23,EPRO34,4,4,7,29,0.571,154.84,2.32,0,program->program,423-15 916-0 923-4,5.268
COMP75,COMP13,15,5,30,186,0.5,21.12,1.95,0,program->program,663-12 667-6 679-3,5.249
COMP1,COMP3,5,5,9,159,0.556,27.46,2.2,0,program->program,71-31 80-121 140-0,5.203
ESTO4,ESTO2,16,13,64,32,0.25,61.39,1.33,0,program->program,100-0 181-3 190-5,5.157
ESTO56,ESTO67,5,3,8,29,0.625,169.35,2.66,0,program->program,174-2 175-0 193-6,5.157
FATU12,FATU3,12,12,31,217,0.387,14.02,1.59,0,program->program,211-32 288-11 342-15,5.105
TERC1,TERC2,10,9,34,14,0.294,165.08,1.41,0,program->program,136-5 211-32 530-1,5.093
FPAG23,FATU2,4,4,5,321,0.8,19.58,4.8,1,program->program,970-2 974-3 978-0,5.065
PEDI73,PEDI1,7,4,9,499,0.778,12.25,4.21,0,program->program,257-59 258-31 573-138,5.049
ADMI104,ADMI102,4,3,6,13,0.667,402.97,3.0,0,program->program,16-0 799-4 802-0,5.042
ADMI104,ADMI91,4,3,6,7,0.667,748.38,3.0,0,program->program,16-0 799-4 802-0,5.042
ESTO65,ESTO67,4,3,6,29,0.667,180.64,2.99,0,program->program,152-4 174-0 193-2,5.042
ESTO14,ESTO13,4,3,6,33,0.667,158.75,2.99,0,program->program,232-0 467-1 950-4,5.042
CFAB176,CFAB7,4,3,6,38,0.667,137.86,2.99,0,program->program,374-28 375-6 855-19,5.042
CPRO24,CPRO22,8,3,15,11,0.533,380.99,2.14,0,program->program,479-4 480-3 515-0,5.042
CPRO24,CPRO3,8,3,15,34,0.533,123.26,2.13,0,program->program,479-4 480-0 515-0,5.042
MIND7,MIND22,4,3,6,31,0.667,168.99,2.99,0,program->program,836-0 838-8 847-2,5.042
MIND6,MIND1,4,3,6,16,0.667,327.42,2.99,0,program->program,843-6 848-0 849-15,5.042
MIND6,MIND5,4,3,6,4,0.667,1309.67,3.0,0,program->program,843-6 848-0 849-14,5.042
VEND31,ADMI35,8,6,22,60,0.364,47.62,1.56,1,program->program,71-1 258-49 634-11,5.034
ESTO4,ESTO3,16,12,64,27,0.25,72.76,1.33,0,program->program,175-0 181-0 190-5,5.013
EPRO16,EPRO15,20,9,36,655,0.556,6.66,2.06,0,program->program,80-142 349-8 353-4,5.004
EPRO19,MPSP5,3,3,3,259,1.0,30.34,inf,1,program->program,80-190 170-183 463-0,4.97
PEDI52,PEDI1,14,8,26,499,0.538,8.48,2.03,0,program->program,80-86 170-99 557-0,4.966
PREC8,MPSP2,15,5,30,223,0.5,17.62,1.94,1,program->program,64-0 343-39 370-7,4.957
PEDI12,PEDI1,6,6,9,499,0.667,10.5,2.81,0,program->program,416-9 551-14 554-1,4.946
ADMI102,ADMI91,6,4,13,7,0.462,518.11,1.86,0,program->program,15-0 16-0 799-2,4.939
MPSP19,PEDI1,5,4,6,499,0.833,13.12,5.62,1,program->program,80-2 401-4 402-4,4.927
ADMI66,FATU3,7,6,14,217,0.5,18.11,1.94,1,program->program,212-96 259-19 534-154,4.92
EPRO20,EPRO15,4,4,4,655,1.0,12.0,inf,0,program->program,149-1 150-0 869-1,4.91
COMP39,COMP37,13,4,32,19,0.406,168.02,1.68,0,program->program,663-0 667-2 683-6,4.892
PEDI11,PEDI44,3,3,4,112,0.75,52.62,3.94,0,program->program,9-0 159-13 258-50,4.862
ADMI92,ADMI102,3,3,4,13,0.75,453.35,3.99,0,program->program,16-2 799-4 802-0,4.862
ADMI92,ADMI104,3,3,4,6,0.75,982.25,4.0,0,program->program,16-0 799-4 802-0,4.862
ADMI92,ADMI122,3,3,4,38,0.75,155.09,3.98,0,program->program,16-0 799-4 802-0,4.862
ADMI92,ADMI89,3,3,4,5,0.75,1178.7,4.0,0,program->program,16-0 799-4 802-0,4.862
ADMI92,ADMI90,3,3,4,9,0.75,654.83,4.0,0,program->program,16-3 799-4 802-0,4.862
ADMI92,ADMI96,3,3,4,9,0.75,654.83,4.0,0,program->program,16-2 799-4 802-0,4.862
FVEN2,FVEN1,3,3,4,16,0.75,368.34,3.99,0,program->program,54-0 537-18 541-0,4.862
FVEN2,FVEN4,3,3,4,14,0.75,420.96,3.99,0,program->program,54-0 537-18 541-0,4.862
EPRO101,ADMI5,3,3,4,34,0.75,173.34,3.98,1,program->program,80-220 396-0 730-22,4.862
EPRO101,PEDI7,3,3,4,62,0.75,95.06,3.97,1,program->program,80-220 396-0 730-22,4.862
RECE1,RECE2,3,3,4,110,0.75,53.58,3.94,0,program->program,100-0 259-9 976-0,4.862
CFAB112,CFAB10,3,3,4,30,0.75,196.45,3.98,0,program->program,151-39 202-97 372-21,4.862
CFAB112,CFAB59,3,3,4,115,0.75,51.25,3.94,0,program->program,151-40 202-97 372-21,4.862
ESTO64,ESTO56,3,3,4,8,0.75,736.69,4.0,0,program->program,174-2 175-0 193-6,4.862
ESTO64,ESTO67,3,3,4,29,0.75,203.22,3.99,0,program->program,174-0 175-0 193-7,4.862
CPRO18,CPRO1,3,3,4,18,0.75,327.42,3.99,0,program->program,274-30 817-0 822-3,4.862
CFAB158,CFAB7,3,3,4,38,0.75,155.09,3.98,0,program->program,375-2 971-4 972-0,4.862
CEXC50,CEXC52,3,3,4,3,0.75,1964.5,4.0,0,program->program,433-1 452-21 471-6,4.862
FVEN10,FVEN1,6,3,11,16,0.545,267.89,2.2,0,program->program,532-0 534-82 537-18,4.862
PEDI151,PEDI7,3,3,4,62,0.75,95.06,3.97,0,program->program,558-41 620-4 999-0,4.862
PREC17,PREC16,3,3,4,3,0.75,1964.5,4.0,0,program->program,773-2 784-7 785-0,4.862
PREC17,PREC9,3,3,4,54,0.75,109.14,3.97,0,program->program,773-2 784-7 785-0,4.862
MIND5,MIND2,3,3,4,30,0.75,196.45,3.98,0,program->program,843-6 848-1 849-14,4.862
TERC4,CFAB7,3,3,4,38,0.75,155.09,3.98,1,program->program,918-0 920-0 961-0,4.862
TERC4,COMP24,3,3,4,12,0.75,491.12,3.99,1,program->program,918-1 920-0 961-1,4.862
TERC4,ESTO13,3,3,4,33,0.75,178.59,3.98,1,program->program,918-0 920-0 961-0,4.862
TERC4,RECE7,3,3,4,72,0.75,81.85,3.96,1,program->program,918-1 920-0 961-1,4.862
TERC4,TERC10,3,3,4,18,0.75,327.42,3.99,0,program->program,918-1 920-0 961-1,4.862
ADMI35,ADMI34,17,16,60,112,0.283,19.88,1.38,0,program->program,0-1 71-1 80-220,4.835
MIND2,MIND27,10,6,30,34,0.333,77.04,1.49,0,program->program,838-7 841-2 845-6,4.826
CFAB10,CFAB59,10,10,30,115,0.333,22.78,1.48,0,program->program,119-8 132-15 148-0,4.793
CEXT103,CEXT24,4,4,8,8,0.5,491.12,2.0,0,program->program,41-0 875-2 878-1,4.789
CEXT24,CEXT103,4,4,8,8,0.5,491.12,2.0,0,program->program,41-0 875-2 878-1,4.789
TERC8,TERC3,4,4,8,28,0.5,140.32,1.99,0,program->program,76-1 136-5 529-2,4.789
MPSP79,MPSP74,4,4,8,28,0.5,140.32,1.99,0,program->program,436-2 439-13 441-6,4.789
RECE35,ESTO25,5,4,7,343,0.714,16.36,3.35,1,program->program,246-1 248-2 311-1,4.78
CFAB1,CFAB2,34,26,120,196,0.283,11.36,1.36,0,program->program,41-0 89-7 102-1,4.768
FATU94,FATU2,9,8,19,321,0.474,11.6,1.82,0,program->program,21-0 159-9 211-170,4.74
PEDI4,FATU2,51,28,161,321,0.317,7.75,1.4,1,program->program,0-3 12-0 51-0,4.727
TERC9,TERC8,5,4,11,8,0.455,446.48,1.83,0,program->program,76-1 529-2 704-0,4.704
CUST14,CUST13,5,4,11,17,0.455,210.11,1.83,0,program->program,132-7 139-1 177-32,4.704
FATU2,FATU3,78,60,321,217,0.243,8.8,1.28,0,program->program,7-0 72-0 74-1,4.701
CFAB85,CFAB86,16,5,47,17,0.34,157.36,1.51,0,program->program,121-18 132-7 135-0,4.692
MIND22,MIND1,10,6,31,16,0.323,158.43,1.47,0,program->program,836-0 838-8 843-6,4.684
EPRO61,EPRO15,17,14,36,655,0.472,5.67,1.74,0,program->program,21-0 75-0 77-2,4.662
FATU12,PEDI44,10,10,31,112,0.323,22.63,1.46,1,program->program,211-32 519-1 521-3,4.642
TERC3,TERC2,8,8,28,14,0.286,160.37,1.4,0,program->program,136-5 716-20 719-1,4.64
FATU94,FATU6,7,5,19,61,0.368,47.46,1.57,0,program->program,3-0 9-0 159-7,4.605
VEND100,FATU2,7,7,14,321,0.5,12.24,1.92,1,program->program,919-1 923-3 934-0,4.604
EPRO2,EPRO18,10,9,38,12,0.263,172.32,1.36,0,program->program,80-140 103-0 150-0,4.596
TERC1,TERC10,9,9,34,18,0.265,115.56,1.36,0,program->program,211-32 625-2 701-1,4.584
ADMI102,ADMI101,5,5,13,6,0.385,503.72,1.62,0,program->program,85-8 88-0 799-8,4.582
FATU103,ESTO25,3,3,3,343,1.0,22.91,inf,1,program->program,246-1 248-2 311-2,4.58
RECE36,ESTO25,3,3,3,343,1.0,22.91,inf,1,program->program,246-1 248-2 311-2,4.58
CFAB24,EPRO15,17,13,36,655,0.472,5.67,1.74,1,program->program,9-1 72-1 80-26,4.544
ADMI91,ADMI104,4,3,7,6,0.571,748.38,2.33,0,program->program,16-0 799-4 802-0,4.538
EPRO49,EPRO48,4,3,7,8,0.571,561.29,2.33,0,program->program,80-37 109-6 353-3,4.538
PREC11,CFAB90,4,3,7,83,0.571,54.1,2.31,1,program->program,118-1 138-35 141-11,4.538
ESTO71,CFAB2,12,12,35,196,0.343,13.75,1.48,1,program->program,74-1 76-1 519-2,4.537
EPRO60,COMP13,14,8,37,186,0.378,15.99,1.57,1,program->program,80-114 386-3 665-0,4.534
ESTO41,ESTO40,12,4,32,22,0.375,133.94,1.6,0,program->program,142-0 189-4 210-3,4.516
ADMI35,PEDI1,23,20,60,499,0.383,6.04,1.52,1,program->program,0-0 77-5 211-170,4.515
CFAB90,CFAB59,23,14,83,115,0.277,18.93,1.36,0,program->program,112-0 113-3 132-6,4.511
ESTO19,ESTO15,9,6,29,47,0.31,51.89,1.44,0,program->program,71-21 194-11 195-2,4.479
FATU9,FATU3,10,9,26,217,0.385,13.93,1.58,0,program->program,211-31 212-29 259-28,4.468
MIND2,MIND22,10,5,30,31,0.333,84.49,1.49,0,program->program,836-0 838-2 839-12,4.443
FVEN4,FVEN5,6,4,14,81,0.429,41.58,1.73,0,program->program,531-0 534-77 537-42,4.435
RECE50,CPRO4,11,6,34,67,0.324,37.94,1.47,1,program->program,2-0 479-4 480-2,4.409
TERC3,CFAB2,10,10,28,196,0.357,14.32,1.52,1,program->program,76-1 259-11 529-1,4.394
ESTO77,ESTO40,7,4,18,22,0.389,138.9,1.63,0,program->program,6-1 188-2 189-4,4.39
ADMI90,ADMI102,4,4,9,13,0.444,268.65,1.8,0,program->program,15-0 16-0 799-4,4.39
ADMI90,ADMI109,4,4,9,6,0.444,582.07,1.8,0,program->program,15-0 16-3 799-4,4.39
ADMI90,ADMI91,4,4,9,7,0.444,498.92,1.8,0,program->program,15-0 16-3 799-4,4.39
ADMI96,ADMI104,4,4,9,6,0.444,582.07,1.8,0,program->program,16-0 799-4 802-0,4.39
PEDI6,PEDI1,4,4,5,499,0.8,12.6,4.68,0,program->program,557-0 573-134 575-9,4.372
FATU3,RECE2,47,32,217,110,0.217,15.47,1.26,1,program->program,44-0 72-0 74-1,4.356
VEND2,PEDI1,16,14,39,499,0.41,6.46,1.59,1,program->program,77-0 473-9 560-6,4.315
CPRO27,CFAB101,5,5,14,37,0.357,75.85,1.55,1,program->program,2-3 479-4 480-3,4.313
TERC2,TERC5,5,5,14,6,0.357,467.74,1.55,0,program->program,705-0 716-20 918-1,4.313
MIND22,MIND2,10,5,31,30,0.323,84.49,1.47,0,program->program,836-0 838-2 839-12,4.313
MIND27,MIND2,10,6,34,30,0.294,77.04,1.41,0,program->program,838-7 841-2 845-6,4.304
ADMI125,FATU2,10,9,24,321,0.417,10.2,1.64,1,program->program,51-0 159-9 211-130,4.288
PEDI44,PEDI1,38,28,112,499,0.339,5.34,1.42,0,program->program,9-1 157-20 159-14,4.277
ESTO93,ESTO25,4,3,5,343,0.8,18.33,4.78,0,program->program,202-95 249-11 250-20,4.273
FATU74,FATU3,14,13,43,217,0.326,11.79,1.44,0,program->program,211-32 288-11 519-1,4.261
ADMI145,ESTO7,5,4,8,319,0.625,15.4,2.56,1,program->program,152-4 474-2 808-2,4.259
ADMI89,ADMI102,3,3,5,13,0.6,362.68,2.5,0,program->program,16-0 799-7 802-0,4.254
ADMI89,ADMI122,3,3,5,38,0.6,124.07,2.49,0,program->program,16-0 799-7 802-0,4.254
ADMI89,ADMI90,3,3,5,9,0.6,523.87,2.5,0,program->program,16-0 799-4 802-0,4.254
ADMI89,ADMI91,3,3,5,7,0.6,673.54,2.5,0,program->program,16-0 799-8 802-0,4.254
ADMI89,ADMI92,3,3,5,4,0.6,1178.7,2.5,0,program->program,16-0 799-4 802-0,4.254
ADMI89,ADMI96,3,3,5,9,0.6,523.87,2.5,0,program->program,16-0 799-8 802-0,4.254
FATU92,FATU107,3,3,5,9,0.6,523.87,2.5,0,program->program,68-0 524-0 525-1,4.254
VEND7,ADMI42,3,3,5,10,0.6,471.48,2.5,1,program->program,71-1 634-13 994-4,4.254
ESTO11,ESTO19,3,3,5,29,0.6,162.58,2.49,0,program->program,71-21 121-53 195-2,4.254
EPRO40,EPRO48,3,3,5,8,0.6,589.35,2.5,0,program->program,80-207 109-6 353-7,4.254
EPRO54,EPRO34,3,3,5,29,0.6,162.58,2.49,0,program->program,96-0 97-16 125-4,4.254
EPRO67,EPRO34,3,3,5,29,0.6,162.58,2.49,0,program->program,119-8 362-0 958-0,4.254
CFAB111,ESTO112,3,3,5,91,0.6,51.81,2.47,1,program->program,120-7 122-2 139-1,4.254
RECE22,ESTO112,3,3,5,91,0.6,51.81,2.47,1,program->program,129-1 151-20 327-14,4.254
CFAB20,CFAB21,3,3,5,3,0.6,1571.6,2.5,0,program->program,149-2 170-101 433-1,4.254
ESTO65,ESTO7,4,4,6,319,0.667,16.42,2.88,0,program->program,152-4 173-0 193-6,4.254
PEDI42,PEDI6,3,3,5,5,0.6,942.96,2.5,0,program->program,557-0 573-134 575-9,4.254
PEDI6,PEDI42,3,3,5,5,0.6,942.96,2.5,0,program->program,557-0 573-134 575-9,4.254
PEDI6,PEDI52,3,3,5,26,0.6,181.34,2.49,0,program->program,557-0 573-134 575-9,4.254
MIND3,MIND1,3,3,5,16,0.6,294.67,2.49,0,program->program,838-18 845-9 846-5,4.254
MIND3,MIND22,3,3,5,31,0.6,152.09,2.49,0,program->program,838-18 845-9 846-5,4.254
MIND3,MIND30,3,3,5,13,0.6,362.68,2.5,0,program->program,838-18 845-9 846-5,4.254
MIND3,MIND31,3,3,5,9,0.6,523.87,2.5,0,program->program,838-18 845-9 846-5,4.254
EPRO67,EPRO59,3,3,5,28,0.6,168.39,2.49,0,program->program,869-1 873-20 958-0,4.254
FPAG23,CEXC109,3,3,5,34,0.6,138.67,2.49,1,program->program,970-2 974-0 978-7,4.254
FPAG23,FATU74,3,3,5,43,0.6,109.65,2.49,1,program->program,970-2 974-3 978-0,4.254
FPAG23,CPAG5,3,3,5,7,0.6,673.54,2.5,1,program->program,974-3 978-0 981-0,4.254
PEDI5,PEDI1,5,3,6,499,0.833,13.12,5.62,0,program->program,383-72 573-66 753-9,4.244
FATU12,ESTO71,8,8,31,35,0.258,57.94,1.34,1,program->program,211-32 519-1 521-1,4.231
EPRO101,EPRO15,4,3,4,655,1.0,12.0,inf,0,program->program,80-175 396-0 730-22,4.229
FATU124,FATU3,17,12,52,217,0.327,11.84,1.44,0,program->program,33-0 87-11 88-13,4.212
ESTO123,ESTO25,9,3,14,343,0.643,14.73,2.68,0,program->program,249-2 459-2 949-0,4.209
MPSP20,ESTO7,9,6,19,319,0.474,11.67,1.82,1,program->program,13-0 170-135 196-5,4.207
FATU61,FATU2,62,26,211,321,0.294,7.19,1.36,0,program->program,0-3 157-20 171-1,4.179
FATU146,FATU2,21,11,57,321,0.368,9.02,1.52,0,program->program,21-0 51-0 211-94,4.172
COMP5,FATU3,15,13,47,217,0.319,11.56,1.43,1,program->program,70-0 168-5 211-32,4.17
ESTO79,ESTO25,8,4,14,343,0.571,13.09,2.23,0,program->program,177-38 202-29 215-5,4.17
ADMI90,FATU2,5,5,9,321,0.556,13.6,2.16,1,program->program,15-0 799-4 802-0,4.166
EPRO101,FATU61,3,3,4,211,0.75,27.93,3.89,1,program->program,80-220 396-0 730-22,4.161
ESTO4,ESTO7,21,17,64,319,0.328,8.08,1.43,0,program->program,89-79 100-0 152-6,4.16
ESTO23,ESTO7,12,9,30,319,0.4,9.85,1.6,0,program->program,9-0 159-12 235-77,4.155
TERC5,ESTO25,4,4,6,343,0.667,15.27,2.87,1,program->program,720-3 918-1 920-0,4.153
CUST14,CFAB59,5,4,11,115,0.455,31.06,1.81,1,program->program,132-6 139-1 188-2,4.149
PREC7,EPRO15,20,16,48,655,0.417,5.0,1.57,1,program->program,80-3 101-4 131-1,4.144
PEDI26,PEDI27,7,6,24,10,0.292,229.19,1.41,0,program->program,416-36 585-2 586-0,4.129
EPRO48,EPRO49,4,3,8,7,0.5,561.29,2.0,0,program->program,80-37 109-6 353-3,4.125
ADMI145,ESTO73,4,3,8,31,0.5,126.74,1.99,1,program->program,152-4 474-2 808-2,4.125
ESTO56,ESTO73,4,3,8,31,0.5,126.74,1.99,0,program->program,174-27 175-0 193-6,4.125
CPAG5,FATU3,4,4,7,217,0.571,20.69,2.27,1,program->program,147-9 802-0 974-3,4.123
FATU74,FATU12,10,9,43,31,0.233,58.95,1.3,0,program->program,211-32 288-11 519-1,4.096
CFAB59,ESTO7,33,28,115,319,0.287,7.07,1.35,1,program->program,44-2 102-1 103-1,4.093
CPRO24,CFAB101,5,5,15,37,0.333,70.79,1.49,1,program->program,2-3 479-4 480-3,4.073
PEDI27,PEDI7,4,4,10,62,0.4,50.7,1.65,0,program->program,416-36 810-0 811-0,4.053
VEND98,PEDI1,9,7,18,499,0.5,7.87,1.87,1,program->program,211-168 258-36 573-121,4.049
TERC2,RECE7,5,5,14,72,0.357,38.98,1.54,1,program->program,211-32 705-0 918-1,4.046
ESTO16,ESTO20,6,5,19,23,0.316,107.89,1.46,0,program->program,154-5 194-20 212-36,3.999
ESTO27,CFAB2,8,6,20,196,0.4,16.04,1.63,1,program->program,184-10 200-12 202-106,3.995
RECE50,CPRO24,10,5,34,15,0.294,154.08,1.41,1,program->program,2-3 141-9 479-1,3.963
EPRO54,EPRO15,4,4,5,655,0.8,9.6,4.58,0,program->program,96-0 97-16 125-4,3.954
FPAG23,EPRO15,4,4,5,655,0.8,9.6,4.58,1,program->program,970-2 974-0 978-0,3.954
CEXT24,PEDI4,4,4,8,161,0.5,24.4,1.96,1,program->program,875-2 878-1 883-2,3.94
CFAB2,ESTO7,50,43,196,319,0.255,6.28,1.29,1,program->program,13-0 76-1 80-151,3.929
MPSP14,MPSP5,5,3,8,259,0.625,18.96,2.58,0,program->program,170-176 572-2 699-0,3.926
CEXC109,FATU2,12,12,34,321,0.353,8.64,1.48,1,program->program,181-3 194-19 678-96,3.923
FATU94,PEDI44,7,5,19,112,0.368,25.85,1.56,1,program->program,3-0 9-0 159-7,3.904
CFAB96,CFAB90,5,3,11,83,0.455,43.03,1.81,0,program->program,118-0 139-1 427-0,3.9
MIND22,MIND27,9,5,31,34,0.29,67.1,1.4,0,program->program,838-7 845-5 846-1,3.881
FATU9,FATU2,10,9,26,321,0.385,9.42,1.56,0,program->program,100-0 211-32 259-28,3.873
MIND1,MIND2,5,5,16,30,0.312,81.85,1.45,0,program->program,836-0 838-8 843-6,3.859
TERC3,TERC1,7,7,28,34,0.25,57.78,1.33,0,program->program,136-5 625-2 716-20,3.843
ESTO71,PEDI44,10,9,35,112,0.286,20.05,1.38,1,program->program,211-31 212-29 519-1,3.843
ESTO16,ESTO7,8,7,19,319,0.421,10.37,1.66,0,program->program,147-7 194-20 212-117,3.826
MPSP46,CFAB59,18,13,72,115,0.25,17.08,1.31,1,program->program,103-1 104-6 121-54,3.816
CPRO22,FATU3,5,5,11,217,0.455,16.46,1.78,1,program->program,479-4 480-3 485-3,3.809
FATU12,FATU2,11,11,31,321,0.355,8.69,1.49,0,program->program,211-32 288-11 519-1,3.8
ESTO71,FATU12,8,8,35,31,0.229,57.94,1.29,1,program->program,211-32 519-1 521-1,3.786
EPRO49,EPRO15,5,4,7,655,0.714,8.57,3.21,0,program->program,80-38 119-8 345-20,3.783
ADMI104,ADMI109,3,3,6,6,0.5,654.83,2.0,0,program->program,16-0 799-4 802-0,3.782
ADMI109,ADMI104,3,3,6,6,0.5,654.83,2.0,0,program->program,16-0 799-4 802-0,3.782
ADMI104,ADMI122,3,3,6,38,0.5,103.39,1.99,0,program->program,16-0 799-6 802-0,3.782
ADMI104,ADMI90,3,3,6,9,0.5,436.56,2.0,0,program->program,16-0 799-4 802-0,3.782
ADMI104,ADMI92,3,3,6,4,0.5,982.25,2.0,0,program->program,16-0 799-4 802-0,3.782
ADMI109,ADMI122,3,3,6,38,0.5,103.39,1.99,0,program->program,16-0 799-4 802-0,3.782
ADMI109,ADMI96,3,3,6,9,0.5,436.56,2.0,0,program->program,16-2 799-4 802-0,3.782
ADMI144,ESTO73,4,3,9,31,0.444,112.66,1.79,1,program->program,152-4 474-2 808-2,3.782
ADMI228,PEDI73,3,3,6,9,0.5,436.56,2.0,1,program->program,257-59 258-30 662-2,3.782
MPSP77,MPSP75,4,3,9,19,0.444,183.81,1.8,0,program->program,439-2 441-1 442-1,3.782
MIND11,MIND14,3,3,6,11,0.5,357.18,2.0,0,program->program,833-1 850-0 851-0,3.782
MIND11,MIND15,3,3,6,13,0.5,302.23,2.0,0,program->program,833-1 850-0 851-0,3.782
MIND11,MIND16,3,3,6,15,0.5,261.93,2.0,0,program->program,833-1 850-0 851-0,3.782
MIND6,MIND2,3,3,6,30,0.5,130.97,1.99,0,program->program,843-6 848-1 849-14,3.782
TERC5,CFAB7,3,3,6,38,0.5,103.39,1.99,1,program->program,918-0 920-0 961-0,3.782
TERC5,COMP24,3,3,6,12,0.5,327.42,2.0,1,program->program,918-1 920-0 961-1,3.782
TERC5,ESTO13,3,3,6,33,0.5,119.06,1.99,1,program->program,918-0 920-0 961-0,3.782
TERC5,TERC10,3,3,6,18,0.5,218.28,2.0,0,program->program,918-1 920-0 961-1,3.782
PEDI42,PEDI1,4,3,5,499,0.8,12.6,4.68,0,program->program,557-0 573-134 575-9,3.766
RHUM9,FPAG19,4,4,11,6,0.364,476.24,1.57,1,program->program,23-0 34-0 61-0,3.763
RHUM9,FPAG23,4,4,11,5,0.364,571.49,1.57,1,program->program,27-0 970-2 978-7,3.763
CUST14,CUST1,4,4,11,17,0.364,168.09,1.57,0,program->program,132-7 177-78 881-29,3.763
EPRO59,ESTO25,11,8,28,343,0.393,9.0,1.58,1,program->program,80-120 89-6 103-12,3.737
FATU9,ESTO7,10,8,26,319,0.385,9.47,1.56,1,program->program,100-0 259-28 272-8,3.704
EPRO54,ADMI6,3,3,5,159,0.6,29.65,2.45,1,program->program,96-0 97-16 125-4,3.703
EPRO19,EPRO15,3,3,3,655,1.0,12.0,inf,0,program->program,80-190 170-183 463-0,3.7
ESTO40,ESTO77,7,4,22,18,0.318,138.9,1.46,0,program->program,6-1 188-2 189-4,3.688
ADMI104,ADMI8,3,3,6,87,0.5,45.16,1.98,0,program->program,16-0 799-4 932-0,3.686
RECE2,ESTO7,30,25,110,319,0.273,6.72,1.32,1,program->program,9-0 44-0 72-0,3.68
ESTO67,ESTO7,12,6,29,319,0.414,10.19,1.64,0,program->program,152-4 174-27 193-6,3.668
CEXT84,CEXT85,5,5,17,9,0.294,256.8,1.42,0,program->program,144-3 856-3 860-1,3.666
LFIS1,FATU2,3,3,4,321,0.75,18.36,3.84,1,program->program,213-110 965-8 979-0,3.664
ADMI3,FATU2,3,3,4,321,0.75,18.36,3.84,1,program->program,799-4 895-0 977-0,3.664
CPAG27,FATU2,3,3,4,321,0.75,18.36,3.84,1,program->program,933-0 967-0 981-0,3.664
CREC4,FATU2,4,4,7,321,0.571,13.99,2.24,1,program->program,211-78 967-0 977-4,3.628
CPAG5,FATU2,4,4,7,321,0.571,13.99,2.24,1,program->program,802-13 974-3 978-4,3.628
FATU12,FATU16,9,9,31,140,0.29,16.3,1.38,0,program->program,288-11 519-1 521-0,3.616
COMP14,COMP3,19,13,73,159,0.26,12.86,1.32,0,program->program,74-0 387-1 668-1,3.61
CEXC107,ESTO25,3,3,4,343,0.75,17.18,3.83,1,program->program,141-9 965-0 970-1,3.587
CFAB112,ESTO25,3,3,4,343,0.75,17.18,3.83,1,program->program,151-40 202-97 372-21,3.587
TERC4,ESTO25,3,3,4,343,0.75,17.18,3.83,1,program->program,918-1 920-0 961-1,3.587
FVEN1,FVEN10,6,3,16,11,0.375,267.89,1.6,0,program->program,532-0 534-82 537-18,3.583
FATU4,FATU146,5,4,15,57,0.333,45.95,1.49,0,program->program,211-86 213-22 263-1,3.582
FATU6,FATU3,18,11,61,217,0.295,10.69,1.38,0,program->program,159-13 211-31 212-29,3.577
VEND100,PEDI44,5,5,14,112,0.357,25.06,1.53,1,program->program,258-50 919-0 934-0,3.576
FATU12,ESTO25,11,10,31,343,0.355,8.13,1.48,1,program->program,211-32 342-1 519-1,3.571
MIND27,MIND22,9,5,34,31,0.265,67.1,1.35,0,program->program,838-7 845-5 846-1,3.567
LFIS51,FATU3,4,3,7,217,0.571,20.69,2.27,1,program->program,235-73 927-0 970-1,3.551
TERC9,RECE7,4,4,11,72,0.364,39.69,1.56,1,program->program,76-1 529-2 716-12,3.547
ESTO20,ESTO19,7,4,23,29,0.304,82.47,1.43,0,program->program,159-8 211-149 212-103,3.546
CFAB78,CFAB86,5,3,13,17,0.385,177.78,1.62,0,program->program,121-26 135-0 139-1,3.545
COMP24,TERC3,4,4,12,28,0.333,93.55,1.49,1,program->program,76-1 918-1 920-0,3.512
CEXT18,CEXT84,4,3,10,17,0.4,184.89,1.66,0,program->program,144-1 856-2 861-18,3.491
VEND98,VEND94,5,5,18,9,0.278,242.53,1.38,0,program->program,211-168 258-36 650-1,3.491
COMP50,COMP49,8,3,23,9,0.348,303.69,1.53,0,program->program,668-1 678-29 683-36,3.491
PREC6,PREC27,4,3,10,4,0.4,785.8,1.67,0,program->program,781-1 783-0 786-4,3.491
MIND22,MIND30,9,4,31,13,0.29,175.49,1.41,0,program->program,838-9 845-6 846-1,3.486
CFAB34,CFAB2,3,3,5,196,0.6,24.06,2.44,0,program->program,615-0 958-4 981-3,3.485
ADMI42,ADMI34,4,4,10,112,0.4,28.06,1.64,0,program->program,71-1 75-0 634-13,3.473
VEND2,EPRO15,15,14,39,655,0.385,4.61,1.49,1,program->program,10-0 21-0 75-3,3.472
ESTO71,RECE7,9,7,35,72,0.257,28.06,1.33,1,program->program,74-1 76-1 211-31,3.454
COMP6,COMP75,7,3,20,30,0.35,91.68,1.53,0,program->program,679-6 683-104 684-25,3.453
PEDI144,PEDI44,3,3,6,112,0.5,35.08,1.97,0,program->program,9-0 159-13 258-14,3.449
CFAB97,CFAB59,4,4,10,115,0.4,27.33,1.64,0,program->program,135-0 138-36 139-1,3.447
ESTO2,FATU3,10,9,32,217,0.312,11.32,1.41,1,program->program,181-1 190-4 194-19,3.439
EPRO58,ESTO7,16,14,53,319,0.302,7.44,1.37,1,program->program,89-97 102-1 146-1,3.435
VEND100,ESTO25,6,6,14,343,0.429,9.82,1.67,1,program->program,919-1 923-3 934-0,3.404
CUST20,CONT59,3,3,7,3,0.429,1122.57,1.75,1,program->program,5-0 6-0 180-2,3.403
CUST20,CUST1,3,3,7,17,0.429,198.1,1.75,0,program->program,5-0 6-0 180-2,3.403
CUST20,CUST8,3,3,7,24,0.429,140.32,1.74,0,program->program,5-0 6-0 180-2,3.403
ADMI91,ADMI122,3,3,7,38,0.429,88.62,1.74,0,program->program,16-0 799-6 802-0,3.403
ADMI91,ADMI89,3,3,7,5,0.429,673.54,1.75,0,program->program,16-0 799-8 802-0,3.403
ADMI91,ADMI96,3,3,7,9,0.429,374.19,1.75,0,program->program,16-3 799-8 802-0,3.403
CREC4,ADMI35,3,3,7,60,0.429,56.13,1.74,1,program->program,77-0 654-2 977-4,3.403
CFAB101,CFAB79,8,7,37,15,0.216,113.27,1.27,0,program->program,80-77 95-5 114-1,3.403
ESTO138,ESTO129,3,3,7,37,0.429,91.02,1.74,0,program->program,184-9 200-12 875-1,3.403
RECE35,FATU103,3,3,7,3,0.429,1122.57,1.75,1,program->program,246-1 248-2 311-2,3.403
RECE35,RECE36,3,3,7,3,0.429,1122.57,1.75,0,program->program,246-1 248-2 311-2,3.403
EPRO23,ESTO13,3,3,7,33,0.429,102.05,1.74,1,program->program,916-0 923-4 962-0,3.403
EPRO23,ESTO2,3,3,7,32,0.429,105.24,1.74,1,program->program,916-0 923-4 962-0,3.403
CPAG5,FPAG23,3,3,7,5,0.429,673.54,1.75,1,program->program,974-3 978-0 981-0,3.403
ESTO112,ESTO7,25,19,91,319,0.275,6.77,1.32,0,program->program,44-2 102-1 129-1,3.4
CEXT103,PEDI4,4,3,8,161,0.5,24.4,1.96,1,program->program,875-2 878-1 883-2,3.394
ESTO20,ESTO16,6,5,23,19,0.261,107.89,1.35,0,program->program,154-5 194-20 212-36,3.384
FPAG23,FATU3,3,3,5,217,0.6,21.73,2.43,1,program->program,970-0 974-3 978-0,3.38
CFAB22,FATU16,5,3,11,140,0.455,25.51,1.8,1,program->program,89-114 90-0 454-13,3.377
ADMI102,ADMI109,4,4,13,6,0.308,402.97,1.44,0,program->program,15-0 16-2 799-4,3.293
ADMI102,ADMI90,4,4,13,9,0.308,268.65,1.44,0,program->program,15-0 16-0 799-4,3.293
CUST13,CUST14,5,4,17,11,0.294,210.11,1.41,0,program->program,132-7 139-1 177-32,3.293
MIND30,MIND2,4,4,13,30,0.308,80.59,1.44,0,program->program,838-9 845-6 846-0,3.293
CFAB59,CFAB90,23,14,115,83,0.2,18.93,1.24,0,program->program,112-0 113-3 132-6,3.287
FATU79,CFAB2,4,4,9,196,0.444,17.82,1.76,1,program->program,919-0 960-0 972-0,3.277
MPSP20,PEDI1,9,5,19,499,0.474,7.46,1.78,1,program->program,13-0 170-135 401-2,3.258
PEDI46,PEDI1,10,8,25,499,0.4,6.3,1.56,0,program->program,560-1 887-0 889-31,3.247
EPRO69,EPRO2,4,3,11,38,0.364,75.2,1.56,0,program->program,80-86 101-8 361-4,3.241
COMP24,RECE7,4,4,12,72,0.333,36.38,1.49,1,program->program,76-1 918-1 920-0,3.235
CFAB2,PEDI1,50,45,196,499,0.255,4.02,1.26,1,program->program,13-0 89-110 102-1,3.23
TERC1,TERC3,7,7,34,28,0.206,57.78,1.25,0,program->program,136-5 625-2 716-20,3.219
FATU12,CFAB2,9,9,31,196,0.29,11.64,1.37,1,program->program,288-17 519-2 521-0,3.218
ESTO67,ADMI144,7,5,29,9,0.241,210.75,1.32,1,program->program,152-4 193-5 474-2,3.208
RECE50,CPRO27,9,4,34,14,0.265,148.58,1.36,1,program->program,2-3 479-4 480-3,3.204
CPRO3,CPRO27,9,4,34,14,0.265,148.58,1.36,0,program->program,472-1 479-4 480-0,3.204
CPRO3,CPRO22,9,4,34,11,0.265,189.1,1.36,0,program->program,479-4 480-0 515-0,3.204
RECE50,CPRO22,9,4,34,11,0.265,189.1,1.36,1,program->program,479-4 480-3 485-3,3.204
CPRO3,RECE50,9,4,34,34,0.265,61.18,1.35,1,program->program,479-4 480-2 515-0,3.204
RECE50,CPRO3,9,4,34,34,0.265,61.18,1.35,1,program->program,479-4 480-2 515-0,3.204
CFAB20,MPSP5,3,3,5,259,0.6,18.2,2.42,1,program->program,149-2 170-101 364-1,3.197
ADMI96,FATU3,4,4,9,217,0.444,16.09,1.75,1,program->program,87-11 88-8 799-8,3.169
ADMI90,FATU3,4,4,9,217,0.444,16.09,1.75,1,program->program,799-4 802-0 929-10,3.169
PEDI11,PEDI1,3,3,4,499,0.75,11.81,3.75,0,program->program,9-0 159-12 258-50,3.154
TERC10,ESTO71,5,4,18,35,0.278,62.37,1.38,1,program->program,211-31 212-29 625-2,3.136
ADMI91,FATU2,4,3,7,321,0.571,13.99,2.24,1,program->program,15-0 799-2 802-0,3.125
FATU5,FATU2,4,3,7,321,0.571,13.99,2.24,0,program->program,21-0 211-99 213-10,3.125
COMP23,COMP3,3,3,6,159,0.5,24.71,1.96,0,program->program,563-36 674-1 678-103,3.123
ADMI104,ADMI6,3,3,6,159,0.5,24.71,1.96,0,program->program,795-0 799-4 932-0,3.123
ADMI228,PEDI4,3,3,6,161,0.5,24.4,1.96,1,program->program,257-59 258-30 662-2,3.111
ESTO1,RECE2,6,6,21,110,0.286,20.41,1.38,1,program->program,259-27 310-7 327-3,3.102
FVEN4,FVEN1,4,4,14,16,0.286,140.32,1.4,0,program->program,54-0 534-77 537-18,3.099
TERC2,TERC10,4,4,14,18,0.286,124.73,1.4,0,program->program,211-32 918-1 920-0,3.099
TERC2,TERC4,4,4,14,4,0.286,561.29,1.4,0,program->program,716-20 918-1 920-0,3.099
VEND100,FATU74,4,4,14,43,0.286,52.21,1.39,1,program->program,919-0 923-3 935-0,3.099
EPRO48,EPRO40,3,3,8,5,0.375,589.35,1.6,0,program->program,80-207 109-6 353-7,3.094
ESTO56,ESTO64,3,3,8,4,0.375,736.69,1.6,0,program->program,174-2 175-0 193-6,3.094
EPRO26,ESTO98,3,3,8,3,0.375,982.25,1.6,1,program->program,244-5 469-0 497-0,3.094
CFAB30,CFAB17,3,3,8,23,0.375,128.12,1.6,0,program->program,918-0 921-1 961-0,3.094
CFAB30,CFAB7,3,3,8,38,0.375,77.55,1.59,0,program->program,918-0 921-1 961-0,3.094
CFAB30,COMP5,3,3,8,47,0.375,62.7,1.59,1,program->program,918-0 921-0 961-0,3.094
CFAB30,ESTO13,3,3,8,33,0.375,89.3,1.59,1,program->program,918-0 921-0 961-0,3.094
ADMI8,FATU2,23,17,87,321,0.264,6.47,1.3,1,program->program,51-0 211-105 212-80,3.092
TERC3,TERC9,6,6,28,11,0.214,153.08,1.27,0,program->program,76-1 335-5 529-2,3.082
CFAB22,CFAB2,5,3,11,196,0.455,18.22,1.79,0,program->program,90-0 454-21 940-0,3.046
CFAB2,MPSP5,41,34,196,259,0.209,6.35,1.22,1,program->program,149-2 151-28 170-68,3.041
PEDI73,PEDI4,4,3,9,161,0.444,21.69,1.76,0,program->program,257-59 258-30 662-2,3.003
RECE7,FATU2,19,16,72,321,0.264,6.46,1.3,1,program->program,72-0 74-1 211-32,3.002
EPRO58,PEDI1,17,13,53,499,0.321,5.05,1.38,1,program->program,102-1 146-0 148-0,3.002
ESTO73,ESTO4,7,7,31,64,0.226,27.72,1.28,0,program->program,152-6 174-22 175-0,2.992
CFAB2,FATU2,42,40,196,321,0.214,5.25,1.22,1,program->program,74-1 133-2 213-119,2.99
EPRO34,CFAB79,6,6,29,15,0.207,108.39,1.26,1,program->program,80-77 95-5 114-7,2.986
ADMI18,ESTO7,3,3,5,319,0.6,14.78,2.4,1,program->program,194-21 274-12 620-34,2.985
RECE22,FATU2,3,3,5,321,0.6,14.69,2.4,1,program->program,151-20 269-1 327-16,2.979
ADMI80,ADMI34,3,3,7,112,0.429,30.07,1.73,0,program->program,608-59 635-0 730-22,2.974
CFAB2,ESTO25,44,34,196,343,0.224,5.14,1.23,1,program->program,74-0 76-0 103-1,2.969
COMP6,EPRO60,6,3,20,37,0.3,63.71,1.42,1,program->program,678-72 679-11 684-17,2.96
PEDI44,PEDI4,25,13,112,161,0.223,10.89,1.26,0,program->program,9-0 159-13 211-32,2.956
ESTO2,FATU2,10,9,32,321,0.312,7.65,1.4,1,program->program,100-0 181-1 190-4,2.954
RECE7,RECE2,15,12,72,110,0.208,14.88,1.25,0,program->program,72-0 74-1 177-93,2.952
CFAB2,EPRO15,52,43,196,655,0.265,3.18,1.25,1,program->program,74-0 76-0 80-68,2.944
CUST14,CFAB90,4,3,11,83,0.364,34.43,1.55,1,program->program,132-6 139-1 188-2,2.941
TERC8,RECE7,3,3,8,72,0.375,40.93,1.59,1,program->program,76-1 529-2 720-3,2.94
FATU9,RECE2,7,6,26,110,0.269,19.23,1.35,1,program->program,100-0 259-28 269-1,2.94
ESTO2,ESTO15,7,6,32,47,0.219,36.57,1.27,0,program->program,181-1 190-4 194-19,2.937
ESTO3,ESTO23,6,5,27,30,0.222,58.21,1.28,0,program->program,181-1 190-4 240-7,2.933
ESTO23,FATU3,9,7,30,217,0.3,10.86,1.39,1,program->program,159-12 181-1 190-4,2.919
FPAG23,ESTO25,3,3,5,343,0.6,13.75,2.39,1,program->program,970-0 974-3 981-0,2.912
EPRO34,CFAB101,6,6,29,37,0.207,43.94,1.25,1,program->program,80-77 95-5 114-7,2.89
ESTO19,ESTO20,7,4,29,23,0.241,82.47,1.31,0,program->program,159-8 211-149 212-103,2.881
CFAB59,EPRO15,33,26,115,655,0.287,3.44,1.29,1,program->program,80-68 97-16 103-1,2.86
PEDI4,PEDI1,41,29,161,499,0.255,4.01,1.26,0,program->program,0-0 9-1 11-0,2.852
EPRO1,EPRO15,3,3,4,655,0.75,9.0,3.67,0,program->program,21-3 149-3 508-0,2.847
CFAB158,EPRO15,3,3,4,655,0.75,9.0,3.67,1,program->program,375-3 971-4 972-0,2.847
ADMI101,FATU3,3,3,6,217,0.5,18.11,1.94,1,program->program,88-8 799-8 802-0,2.838
ADMI102,ADMI104,4,3,13,6,0.308,402.97,1.44,0,program->program,16-0 799-4 802-0,2.836
ADMI90,ADMI104,3,3,9,6,0.333,436.56,1.5,0,program->program,16-0 799-4 802-0,2.836
ADMI96,ADMI109,3,3,9,6,0.333,436.56,1.5,0,program->program,16-2 799-4 802-0,2.836
ADMI90,ADMI122,3,3,9,38,0.333,68.93,1.49,0,program->program,16-0 799-4 802-0,2.836
ADMI90,ADMI89,3,3,9,5,0.333,523.87,1.5,0,program->program,16-0 799-4 802-0,2.836
ADMI96,ADMI89,3,3,9,5,0.333,523.87,1.5,0,program->program,16-0 799-8 802-0,2.836
ADMI90,ADMI92,3,3,9,4,0.333,654.83,1.5,0,program->program,16-3 799-4 802-0,2.836
ADMI90,ADMI96,3,3,9,9,0.333,291.04,1.5,0,program->program,16-3 799-4 802-0,2.836
ADMI96,ADMI90,3,3,9,9,0.333,291.04,1.5,0,program->program,16-3 799-4 802-0,2.836
ADMI96,ADMI91,3,3,9,7,0.333,374.19,1.5,0,program->program,16-3 799-8 802-0,2.836
ADMI96,ADMI92,3,3,9,4,0.333,654.83,1.5,0,program->program,16-2 799-4 802-0,2.836
FATU107,FATU92,3,3,9,5,0.333,523.87,1.5,0,program->program,68-0 524-0 525-1,2.836
ADMI96,FATU124,3,3,9,52,0.333,50.37,1.49,1,program->program,87-11 88-0 802-0,2.836
CFAB78,CFAB111,4,3,13,5,0.308,483.57,1.44,0,program->program,120-7 122-0 139-1,2.836
CFAB86,CFAB78,5,3,17,13,0.294,177.78,1.41,0,program->program,121-26 135-0 139-1,2.836
EPRO77,EPRO2,3,3,9,38,0.333,68.93,1.49,0,program->program,150-0 361-4 383-13,2.836
PEDI73,ADMI228,3,3,9,6,0.333,436.56,1.5,1,program->program,257-59 258-30 662-2,2.836
MIND31,MIND3,3,3,9,5,0.333,523.87,1.5,0,program->program,838-18 845-9 846-5,2.836
PEDI138,PEDI127,4,3,13,19,0.308,127.26,1.44,0,program->program,891-1 897-1 899-6,2.836
FATU79,FATU74,3,3,9,43,0.333,60.91,1.49,0,program->program,919-0 929-9 970-1,2.836
FATU79,CFAB7,3,3,9,38,0.333,68.93,1.49,1,program->program,960-1 970-1 972-0,2.836
FATU2,PEDI1,72,56,321,499,0.224,3.53,1.21,1,program->program,0-0 51-0 72-0,2.825
ESTO1,ESTO7,7,7,21,319,0.333,8.21,1.44,0,program->program,132-6 200-5 621-7,2.803
FATU110,ESTO112,15,8,70,91,0.214,18.5,1.26,1,program->program,44-2 129-1 130-1,2.791
ADMI265,COMP3,10,4,31,159,0.323,15.94,1.45,1,program->program,71-5 678-94 698-24,2.788
CFAB134,PEDI4,7,4,21,161,0.333,16.27,1.47,1,program->program,257-60 346-4 891-4,2.784
FVEN1,FVEN4,4,4,16,14,0.25,140.32,1.33,0,program->program,54-0 534-77 537-18,2.773
VEND94,FATU2,4,4,9,321,0.444,10.88,1.73,1,program->program,211-168 258-36 730-23,2.763
MIND27,MIND1,9,3,34,16,0.265,130.0,1.36,0,program->program,846-0 848-0 849-8,2.76
ESTO7,PEDI1,71,53,319,499,0.223,3.5,1.2,1,program->program,9-0 13-0 72-1,2.753
ESTO81,ESTO25,7,4,17,343,0.412,9.43,1.63,0,program->program,121-4 126-0 344-3,2.749
VEND78,VEND114,6,5,29,8,0.207,203.22,1.26,0,program->program,211-112 573-141 588-3,2.749
VEND78,VEND79,6,5,29,6,0.207,270.97,1.26,0,program->program,579-13 588-3 589-2,2.749
ADMI260,ADMI263,5,4,21,9,0.238,207.88,1.31,0,program->program,608-1 609-3 635-1,2.744
TERC10,FATU3,6,5,18,217,0.333,12.07,1.46,1,program->program,211-31 212-29 331-2,2.739
CFAB56,CFAB2,6,4,17,196,0.353,14.15,1.51,0,program->program,369-3 620-4 621-1,2.731
COMP3,COMP13,32,18,159,186,0.201,8.5,1.22,0,program->program,65-0 249-11 310-2,2.725
COMP5,COMP13,11,11,47,186,0.234,9.89,1.27,0,program->program,519-1 521-1 663-0,2.717
ESTO3,ESTO15,6,5,27,47,0.222,37.15,1.28,0,program->program,181-1 190-4 194-19,2.716
MIND22,MIND31,7,4,31,9,0.226,197.15,1.29,0,program->program,838-18 845-7 846-1,2.712
ESTO77,ESTO41,5,3,18,32,0.278,68.21,1.38,0,program->program,188-4 189-4 210-4,2.701
CFAB10,ESTO25,9,9,30,343,0.3,6.87,1.37,1,program->program,132-15 151-39 170-68,2.697
FATU79,ESTO25,4,4,9,343,0.444,10.18,1.72,1,program->program,919-0 960-0 970-1,2.696
EPRO23,COMP3,3,3,7,159,0.429,21.18,1.71,1,program->program,678-27 916-0 962-0,2.683
COMP4,ADMI1,4,3,14,44,0.286,51.03,1.39,1,program->program,140-0 663-10 698-24,2.669
ESTO23,ESTO3,6,5,30,27,0.2,58.21,1.25,0,program->program,181-1 190-4 240-7,2.666
ESTO23,ESTO2,6,5,30,32,0.2,49.11,1.24,0,program->program,181-1 190-4 240-7,2.654
RECE32,COMP5,5,3,18,47,0.278,46.44,1.38,1,program->program,212-70 262-7 688-10,2.651
CUST1,CUST8,4,4,17,24,0.235,77.04,1.3,0,program->program,5-0 6-1 132-7,2.634
VEND31,ADMI265,5,4,22,31,0.227,57.61,1.29,1,program->program,71-2 634-11 946-2,2.634
CUST1,CUST14,4,4,17,11,0.235,168.09,1.31,0,program->program,132-7 177-78 881-29,2.634
ESTO3,ESTO67,6,4,27,29,0.222,60.21,1.28,0,program->program,175-0 193-9 877-1,2.634
ADMI19,VEND2,3,3,10,39,0.3,60.45,1.42,1,program->program,10-0 21-0 308-0,2.618
ADMI42,VEND7,3,3,10,5,0.3,471.48,1.43,1,program->program,71-1 634-13 994-4,2.618
ESTO97,ESTO98,3,3,10,3,0.3,785.8,1.43,0,program->program,244-6 469-0 497-5,2.618
CFAB23,CFAB65,3,3,10,22,0.3,107.15,1.42,0,program->program,454-39 615-0 950-1,2.618
ADMI90,FATU153,3,3,9,72,0.333,36.38,1.49,1,program->program,479-7 490-1 929-9,2.612
PREC6,PREC7,3,3,10,48,0.3,49.11,1.42,0,program->program,781-4 782-16 786-4,2.606
ADMI37,ADMI34,3,3,8,112,0.375,26.31,1.58,0,program->program,211-40 212-85 981-0,2.603
EPRO28,EPRO15,14,11,42,655,0.333,4.0,1.37,0,program->program,80-3 132-7 349-8,2.59
CFAB78,CFAB59,4,4,13,115,0.308,21.02,1.42,0,program->program,120-8 121-26 135-0,2.589
TERC1,RECE7,7,7,34,72,0.206,22.47,1.25,1,program->program,211-32 716-12 717-0,2.584
FATU74,PEDI44,9,9,43,112,0.209,14.68,1.25,1,program->program,211-32 519-1 521-3,2.581
PEDI26,MPSP5,7,7,24,259,0.292,8.85,1.37,1,program->program,170-135 593-15 916-2,2.567
MPSP74,MPSP77,7,3,28,9,0.25,218.28,1.33,0,program->program,439-2 441-0 442-1,2.562
CPRO27,EPRO58,4,3,14,53,0.286,42.36,1.39,1,program->program,479-4 480-3 515-3,2.559
COMP7,COMP3,5,5,17,159,0.294,14.54,1.39,0,program->program,695-9 916-2 921-0,2.558
CFAB86,CFAB59,5,4,17,115,0.294,20.1,1.4,0,program->program,121-26 132-7 135-0,2.554
MPSP46,ESTO25,20,9,72,343,0.278,6.36,1.32,1,program->program,103-1 121-4 126-0,2.551
CEXT103,CFAB1,3,3,8,120,0.375,24.56,1.58,1,program->program,41-0 878-0 881-9,2.55
CEXT24,CFAB1,3,3,8,120,0.375,24.56,1.58,1,program->program,41-0 878-3 943-0,2.55
VEND109,PEDI1,3,3,5,499,0.6,9.45,2.34,1,program->program,383-13 562-10 567-0,2.539
VEND93,PEDI1,3,3,5,499,0.6,9.45,2.34,1,program->program,598-0 652-21 757-43,2.539
FPAG23,PEDI1,3,3,5,499,0.6,9.45,2.34,1,program->program,970-2 974-3 978-0,2.539
CEXT84,FATU2,6,5,17,321,0.353,8.64,1.48,1,program->program,144-4 149-4 211-118,2.535
ADMI264,ADMI122,6,3,24,38,0.25,51.7,1.33,0,program->program,71-5 663-11 698-5,2.521
TERC10,TERC2,4,4,18,14,0.222,124.73,1.28,0,program->program,211-32 918-1 920-0,2.509
TERC10,TERC3,4,4,18,28,0.222,62.37,1.28,0,program->program,625-2 918-1 920-0,2.509
TERC10,ESTO13,4,4,18,33,0.222,52.92,1.28,1,program->program,918-0 920-0 923-0,2.509
CFAB39,ESTO7,3,3,6,319,0.5,12.32,1.92,1,program->program,132-6 144-1 403-6,2.49
ESTO14,ESTO7,3,3,6,319,0.5,12.32,1.92,0,program->program,235-71 467-1 950-4,2.49
ESTO67,ESTO4,6,6,29,64,0.207,25.4,1.25,0,program->program,174-22 175-0 193-9,2.486
ADMI109,FATU2,3,3,6,321,0.5,12.24,1.92,1,program->program,15-0 799-4 802-0,2.485
ADMI101,FATU2,3,3,6,321,0.5,12.24,1.92,1,program->program,88-0 799-4 802-0,2.485
PEDI118,PEDI1,8,8,24,499,0.333,5.25,1.4,0,program->program,383-49 590-0 608-59,2.483
PREC7,MPSP2,14,5,48,223,0.292,10.28,1.37,1,program->program,343-101 409-5 881-28,2.481
ADMI96,ADMI8,3,3,9,87,0.333,30.11,1.48,0,program->program,16-3 799-8 932-0,2.48
COMP7,COMP5,4,4,17,47,0.235,39.34,1.3,0,program->program,688-2 916-2 921-0,2.477
ESTO67,ESTO3,6,4,29,27,0.207,60.21,1.26,0,program->program,175-0 193-9 877-1,2.47
ADMI102,FATU2,5,4,13,321,0.385,9.42,1.56,1,program->program,15-0 88-15 799-2,2.453
CPRO3,CPRO23,8,3,34,11,0.235,168.09,1.31,0,program->program,472-1 515-0 904-0,2.453
CPRO3,CPRO24,8,3,34,15,0.235,123.26,1.31,0,program->program,479-4 480-0 515-0,2.453
MIND27,MIND30,8,3,34,13,0.235,142.23,1.31,0,program->program,845-6 846-0 849-7,2.453
TERC2,ESTO25,5,5,14,343,0.357,8.18,1.49,1,program->program,211-32 530-1 918-1,2.432
FVEN10,ADMI36,3,3,11,17,0.273,126.06,1.37,1,program->program,54-4 534-159 537-21,2.431
VEND50,VEND2,3,3,11,39,0.273,54.95,1.37,0,program->program,75-3 77-3 609-2,2.431
CFAB22,CFAB65,3,3,11,22,0.273,97.41,1.37,0,program->program,89-114 91-1 454-39,2.431
CFAB83,CFAB86,3,3,11,17,0.273,126.06,1.37,0,program->program,121-46 135-0 139-1,2.431
ESTO8,ESTO13,3,3,11,33,0.273,64.94,1.37,0,program->program,195-2 880-3 950-0,2.431
CPRO22,CFAB101,3,3,11,37,0.273,57.92,1.37,1,program->program,479-4 480-3 515-4,2.431
CPRO2,CPRO1,3,3,11,18,0.273,119.06,1.37,0,program->program,515-3 665-0 830-2,2.431
TERC9,TERC1,3,3,11,34,0.273,63.03,1.37,0,program->program,716-12 717-0 793-36,2.431
MIND14,MIND11,3,3,11,6,0.273,357.18,1.37,0,program->program,833-1 850-0 851-0,2.431
CUST20,FATU3,3,3,7,217,0.429,15.52,1.7,1,program->program,716-36 933-0 968-2,2.428
ESTO31,ESTO25,3,3,6,343,0.5,11.45,1.91,0,program->program,121-52 215-19 932-1,2.425
CFAB39,ESTO25,3,3,6,343,0.5,11.45,1.91,1,program->program,142-0 345-12 403-6,2.425
COMP7,COMP13,5,5,17,186,0.294,12.43,1.38,0,program->program,663-12 686-7 691-2,2.422
COMP75,COMP6,7,3,30,20,0.233,91.68,1.3,0,program->program,679-6 683-104 684-25,2.406
ESTO23,ESTO15,6,5,30,47,0.2,33.44,1.24,0,program->program,181-1 190-4 235-77,2.4
PEDI127,PEDI46,4,4,19,25,0.211,66.17,1.26,0,program->program,39-0 891-1 896-1,2.395
ESTO36,ESTO25,7,4,19,343,0.368,8.44,1.51,0,program->program,192-8 202-29 249-1,2.393
MIND1,MIND6,4,3,16,6,0.25,327.42,1.33,0,program->program,843-6 848-0 849-15,2.388
TERC3,ESTO25,8,8,28,343,0.286,6.55,1.34,1,program->program,76-1 259-11 529-1,2.386
ADMI144,ESTO7,4,3,9,319,0.444,10.95,1.73,1,program->program,152-4 474-2 808-2,2.386
FATU111,ESTO7,4,3,9,319,0.444,10.95,1.73,1,program->program,162-1 282-5 882-0,2.386
CFAB19,CFAB59,4,4,14,115,0.286,19.52,1.38,0,program->program,97-9 129-1 139-0,2.381
EPRO32,ADMI34,5,3,16,112,0.312,21.93,1.43,1,program->program,211-52 213-67 464-2,2.379
CPRO24,EPRO58,4,3,15,53,0.267,39.54,1.35,1,program->program,479-4 480-3 515-3,2.374
CFAB1,ESTO7,25,21,120,319,0.208,5.13,1.21,1,program->program,44-2 89-79 102-1,2.371
CPRO24,ESTO112,4,4,15,91,0.267,23.03,1.35,1,program->program,2-0 141-9 479-1,2.367
VEND98,FATU2,6,5,18,321,0.333,8.16,1.44,1,program->program,211-168 258-36 573-121,2.36
COMP14,COMP13,16,9,73,186,0.219,9.26,1.25,0,program->program,335-3 668-1 678-15,2.349
CEXC109,PEDI1,10,10,34,499,0.294,4.63,1.33,1,program->program,522-5 573-146 923-0,2.331
EPRO57,EPRO15,9,7,25,655,0.36,4.32,1.43,0,program->program,80-102 121-54 235-66,2.325
RECE50,FATU3,9,6,34,217,0.265,9.59,1.32,1,program->program,141-9 479-1 480-3,2.325
FATU79,PEDI1,4,4,9,499,0.444,7.0,1.69,1,program->program,919-0 967-1 968-0,2.322
ESTO112,ESTO25,21,14,91,343,0.231,5.29,1.24,0,program->program,120-8 121-44 132-15,2.316
MPSP5,EPRO15,61,34,259,655,0.236,2.83,1.2,1,program->program,10-1 80-7 103-12,2.314
PEDI127,ADMI122,4,4,19,38,0.211,43.53,1.26,1,program->program,39-0 810-4 891-1,2.312
CEXT85,PEDI44,3,3,9,112,0.333,23.39,1.48,1,program->program,211-32 878-3 978-6,2.304
VEND94,PEDI44,3,3,9,112,0.333,23.39,1.48,1,program->program,211-168 258-36 730-23,2.304
FATU110,FATU2,19,7,70,321,0.271,6.64,1.32,0,program->program,133-2 151-18 211-106,2.291
EPRO58,EPRO15,15,15,53,655,0.283,3.4,1.28,0,program->program,80-73 104-6 121-55,2.29
FATU4,FATU2,6,3,15,321,0.4,9.79,1.6,0,program->program,159-13 211-49 263-9,2.288
ESTO3,ESTO7,8,6,27,319,0.296,7.3,1.36,0,program->program,193-9 252-13 877-1,2.286
EPRO40,EPRO15,3,3,5,655,0.6,7.2,2.29,0,program->program,80-207 353-7 420-1,2.277
VEND109,EPRO15,3,3,5,655,0.6,7.2,2.29,1,program->program,383-13 499-35 567-0,2.277
FATU94,RECE2,5,4,19,110,0.263,18.8,1.34,1,program->program,9-0 159-9 211-170,2.273
RECE7,ESTO25,16,16,72,343,0.222,5.09,1.23,1,program->program,74-0 76-1 211-32,2.273
PREC12,PREC13,3,3,12,3,0.25,654.83,1.33,0,program->program,141-12 766-0 773-10,2.269
CEXT84,CEXT18,4,3,17,10,0.235,184.89,1.31,0,program->program,144-1 856-2 861-18,2.269
COMP24,CFAB7,3,3,12,38,0.25,51.7,1.33,1,program->program,918-0 920-0 961-0,2.269
COMP24,ESTO13,3,3,12,33,0.25,59.53,1.33,1,program->program,918-0 920-0 961-0,2.269
COMP24,TERC1,3,3,12,34,0.25,57.78,1.33,1,program->program,918-1 920-0 961-1,2.269
COMP24,TERC10,3,3,12,18,0.25,109.14,1.33,1,program->program,918-1 920-0 961-1,2.269
COMP24,TERC2,3,3,12,14,0.25,140.32,1.33,1,program->program,918-1 920-0 961-1,2.269
COMP24,TERC4,3,3,12,4,0.25,491.12,1.33,1,program->program,918-1 920-0 961-1,2.269
COMP24,TERC5,3,3,12,6,0.25,327.42,1.33,1,program->program,918-1 920-0 961-1,2.269
ESTO71,ESTO7,9,9,35,319,0.257,6.33,1.29,0,program->program,76-1 171-0 261-5,2.261
CFAB11,MPSP46,6,3,23,72,0.261,28.47,1.34,1,program->program,103-1 139-1 344-59,2.253
CFAB10,ESTO7,8,8,30,319,0.267,6.57,1.31,1,program->program,89-109 119-8 148-0,2.244
ADMI8,PEDI1,21,18,87,499,0.241,3.8,1.23,1,program->program,51-0 56-0 77-0,2.243
TERC1,FATU2,9,8,34,321,0.265,6.48,1.3,1,program->program,211-32 310-2 625-2,2.238
VEND14,PEDI1,9,6,27,499,0.333,5.25,1.4,1,program->program,519-1 521-0 653-0,2.227
ESTO40,CPRO4,5,4,22,67,0.227,26.66,1.28,1,program->program,142-0 188-2 189-28,2.224
CFAB30,COMP13,3,3,8,186,0.375,15.84,1.56,1,program->program,918-0 921-0 961-0,2.222
CPRO3,CFAB59,7,7,34,115,0.206,14.07,1.24,1,program->program,132-6 188-2 479-1,2.221
ESTO3,FATU3,7,6,27,217,0.259,9.39,1.31,1,program->program,181-1 190-4 194-19,2.212
ADMI125,ESTO7,7,6,24,319,0.292,7.18,1.35,1,program->program,159-9 252-12 878-0,2.207
CFAB19,ESTO112,4,3,14,91,0.286,24.67,1.38,1,program->program,97-8 129-1 139-0,2.203
EPRO59,EPRO15,9,9,28,655,0.321,3.86,1.35,0,program->program,80-120 89-6 103-12,2.2
ESTO27,ESTO129,4,4,20,37,0.2,42.48,1.24,0,program->program,184-9 200-12 202-106,2.198
RHUM9,FATU2,4,4,11,321,0.364,8.9,1.51,1,program->program,970-1 978-0 981-0,2.194
RECE50,EPRO58,7,4,34,53,0.206,30.52,1.25,1,program->program,479-4 480-2 485-15,2.187
EPRO105,EPRO15,6,5,15,655,0.4,4.8,1.53,0,program->program,80-228 143-2 873-48,2.185
CFAB7,ADMI6,8,8,38,159,0.211,10.4,1.24,1,program->program,96-0 97-9 375-1,2.172
MPSP46,EPRO15,22,9,72,655,0.306,3.67,1.32,1,program->program,103-1 104-6 121-54,2.167
ESTO77,CUST8,4,3,18,24,0.222,72.76,1.28,1,program->program,5-0 6-1 188-1,2.161
ADMI6,EPRO15,36,34,159,655,0.226,2.72,1.18,1,program->program,10-1 80-189 96-0,2.16
ADMI125,CFAB2,6,6,24,196,0.25,10.02,1.3,1,program->program,793-68 878-0 971-4,2.16
ESTO13,MPSP5,8,8,33,259,0.242,7.36,1.28,1,program->program,916-2 918-0 920-0,2.158
EPRO60,COMP3,9,5,37,159,0.243,12.02,1.29,1,program->program,80-121 386-3 668-28,2.154
CFAB24,PEDI1,10,10,36,499,0.278,4.37,1.3,1,program->program,9-1 72-1 80-26,2.151
PREC9,CFAB2,11,10,54,196,0.204,8.17,1.22,1,program->program,74-1 89-118 189-21,2.134
ESTO129,ESTO25,10,7,37,343,0.27,6.19,1.31,0,program->program,80-223 141-9 200-7,2.134
ADMI102,ADMI89,3,3,13,5,0.231,362.68,1.3,0,program->program,16-0 799-7 802-0,2.127
ADMI102,ADMI92,3,3,13,4,0.231,453.35,1.3,0,program->program,16-2 799-4 802-0,2.127
MIND15,MIND11,3,3,13,6,0.231,302.23,1.3,0,program->program,833-1 850-0 851-0,2.127
MIND30,MIND3,3,3,13,5,0.231,362.68,1.3,0,program->program,838-18 845-9 846-5,2.127
PEDI138,PEDI46,3,3,13,25,0.231,72.54,1.3,0,program->program,891-1 897-5 902-0,2.127
PREC9,MPSP2,14,5,54,223,0.259,9.14,1.31,1,program->program,64-0 343-95 409-9,2.122
CFAB83,MPSP46,3,3,11,72,0.273,29.77,1.36,1,program->program,121-0 139-1 344-67,2.119
CPAG5,ESTO7,3,3,7,319,0.429,10.56,1.68,1,program->program,147-9 974-3 978-5,2.119
EPRO23,ESTO7,3,3,7,319,0.429,10.56,1.68,1,program->program,916-0 923-4 962-0,2.119
ESTO23,FATU2,8,7,30,321,0.267,6.53,1.31,1,program->program,159-12 181-1 190-4,2.118
ADMI19,FATU2,4,3,10,321,0.4,9.79,1.6,1,program->program,21-0 213-85 308-2,2.112
TERC3,FATU3,7,6,28,217,0.25,9.05,1.3,1,program->program,76-1 259-11 331-6,2.11
TERC8,FATU3,3,3,8,217,0.375,13.58,1.56,1,program->program,76-1 529-0 720-3,2.109
ESTO1,FATU2,6,6,21,321,0.286,6.99,1.34,1,program->program,310-7 621-7 968-3,2.104
PEDI144,PEDI1,3,3,6,499,0.5,7.87,1.87,0,program->program,9-1 159-14 558-7,2.099
FATU165,PEDI1,3,3,6,499,0.5,7.87,1.87,1,program->program,276-7 887-0 889-6,2.099
VEND12,PEDI1,3,3,6,499,0.5,7.87,1.87,1,program->program,574-5 579-13 588-17,2.099
VEND79,PEDI1,3,3,6,499,0.5,7.87,1.87,1,program->program,579-13 588-17 626-17,2.099
ADMI102,FATU3,4,4,13,217,0.308,11.14,1.4,1,program->program,87-11 88-10 799-5,2.091
PREC12,PREC9,3,3,12,54,0.25,36.38,1.32,0,program->program,141-6 771-6 779-1,2.09
CFAB30,MPSP2,3,3,8,223,0.375,13.21,1.55,1,program->program,918-0 921-1 961-0,2.088
ADMI125,FATU3,6,6,24,217,0.25,9.05,1.3,1,program->program,159-13 211-130 972-0,2.077
MPSP75,MPSP77,4,3,19,9,0.211,183.81,1.27,0,program->program,439-2 441-1 442-1,2.063
ADMI90,ADMI6,3,3,9,159,0.333,16.47,1.47,0,program->program,479-7 799-4 970-2,2.063
COMP1,ADMI6,3,3,9,159,0.333,16.47,1.47,1,program->program,665-0 678-76 861-18,2.063
PEDI127,PEDI138,4,3,19,13,0.211,127.26,1.26,0,program->program,891-1 897-1 899-6,2.063
FATU79,ADMI6,3,3,9,159,0.333,16.47,1.47,1,program->program,968-0 970-0 972-0,2.063
FATU79,EPRO15,4,4,9,655,0.444,5.33,1.65,1,program->program,968-0 970-0 972-0,2.06
FATU79,PEDI4,3,3,9,161,0.333,16.27,1.47,1,program->program,919-0 960-1 968-0,2.055
ESTO20,FATU3,6,5,23,217,0.261,9.45,1.32,1,program->program,159-12 212-103 235-47,2.02
ESTO20,RECE2,5,5,23,110,0.217,15.53,1.26,1,program->program,159-14 201-25 235-47,2.012
ESTO27,ESTO25,6,5,20,343,0.3,6.87,1.37,0,program->program,202-106 911-2 918-2,2.007
COMP5,MPSP5,10,10,47,259,0.213,6.46,1.23,1,program->program,519-1 521-0 916-2,2.006
ADMI260,ADMI34,5,4,21,112,0.238,16.7,1.29,0,program->program,75-0 608-47 635-0,2.005
CFAB7,CFAB2,8,8,38,196,0.211,8.44,1.24,0,program->program,374-24 793-68 918-0,2.003
FVEN4,FVEN2,3,3,14,4,0.214,420.96,1.27,0,program->program,54-0 537-18 541-0,2.002
TERC2,COMP24,3,3,14,12,0.214,140.32,1.27,1,program->program,918-1 920-0 961-1,2.002
TERC2,ESTO13,3,3,14,33,0.214,51.03,1.27,1,program->program,918-0 920-0 961-0,2.002
VEND100,FATU12,3,3,14,31,0.214,54.32,1.27,1,program->program,919-0 934-0 935-0,2.002
FATU74,PEDI1,11,11,43,499,0.256,4.03,1.26,1,program->program,519-1 521-3 810-0,1.998
VEND100,CEXC109,3,3,14,34,0.214,49.53,1.27,1,program->program,923-0 965-0 970-2,1.997
ESTO71,FATU16,7,7,35,140,0.2,11.23,1.23,1,program->program,519-1 521-0 919-1,1.996
ESTO40,CFAB2,6,4,22,196,0.273,10.93,1.34,1,program->program,142-0 189-21 210-3,1.993
TERC2,CFAB2,4,4,14,196,0.286,11.45,1.37,1,program->program,719-1 720-2 918-0,1.988
VEND100,CFAB2,4,4,14,196,0.286,11.45,1.37,1,program->program,919-0 934-0 935-0,1.988
CFAB65,ESTO7,6,6,22,319,0.273,6.72,1.32,1,program->program,170-135 454-39 525-4,1.987
FATU74,ESTO7,10,9,43,319,0.233,5.73,1.25,1,program->program,288-11 521-3 810-2,1.986
VEND100,ESTO71,3,3,14,35,0.214,48.11,1.27,1,program->program,919-1 934-0 935-0,1.983
CPRO22,ESTO112,3,3,11,91,0.273,23.55,1.36,1,program->program,479-1 480-0 517-0,1.979
CFAB56,PEDI4,5,3,17,161,0.294,14.36,1.39,1,program->program,416-9 620-4 810-0,1.971
PREC33,MPSP2,4,3,12,223,0.333,11.75,1.46,1,program->program,343-170 615-15 771-8,1.959
CFAB65,FATU16,5,5,22,140,0.227,12.76,1.27,1,program->program,89-114 170-135 454-39,1.955
TERC2,CFAB7,3,3,14,38,0.214,44.31,1.27,1,program->program,918-0 920-0 961-0,1.942
ADMI102,FATU124,3,3,13,52,0.231,34.87,1.29,1,program->program,87-11 88-0 802-0,1.937
VEND100,FATU61,4,4,14,211,0.286,10.64,1.36,1,program->program,923-3 935-0 965-3,1.935
ADMI125,PEDI1,7,7,24,499,0.292,4.59,1.32,1,program->program,51-0 159-12 573-71,1.931
PEDI26,PEDI1,7,7,24,499,0.292,4.59,1.32,0,program->program,170-135 416-9 593-15,1.931
ESTO20,ESTO7,7,4,23,319,0.304,7.5,1.38,0,program->program,159-14 194-26 235-47,1.93
COMP24,ESTO25,4,4,12,343,0.333,7.64,1.43,1,program->program,76-1 918-1 920-0,1.926
ADMI1,FATU2,10,9,44,321,0.227,5.56,1.24,1,program->program,21-0 211-125 257-58,1.918
CFAB10,MPSP5,7,7,30,259,0.233,7.08,1.26,1,program->program,132-15 170-68 918-2,1.918
VEND100,FATU3,4,4,14,217,0.286,10.35,1.36,1,program->program,919-1 934-0 935-1,1.915
PREC9,EPRO15,14,13,54,655,0.259,3.11,1.24,1,program->program,74-0 132-7 139-0,1.907
EPRO105,PEDI1,5,5,15,499,0.333,5.25,1.4,1,program->program,80-228 170-200 519-1,1.898
CPRO3,ESTO7,8,8,34,319,0.235,5.8,1.25,1,program->program,132-6 149-3 274-27,1.895
PREC36,CFAB59,4,3,15,115,0.267,18.22,1.34,1,program->program,132-7 134-1 149-2,1.895
FATU4,FATU44,3,3,15,17,0.2,92.45,1.25,0,program->program,9-0 159-13 261-0,1.891
FATU4,FATU94,3,3,15,19,0.2,82.72,1.25,0,program->program,9-0 159-13 261-0,1.891
PREC36,CUST1,3,3,15,17,0.2,92.45,1.25,1,program->program,132-9 177-72 535-0,1.891
MIND16,MIND11,3,3,15,6,0.2,261.93,1.25,0,program->program,833-1 850-0 851-0,1.891
EPRO34,EPRO15,9,7,29,655,0.31,3.72,1.33,0,program->program,80-77 96-0 97-16,1.889
ESTO3,FATU2,7,6,27,321,0.259,6.35,1.29,1,program->program,181-1 190-4 194-19,1.885
FATU79,FATU61,3,3,9,211,0.333,12.41,1.46,0,program->program,967-1 968-0 970-1,1.873
VEND14,CFAB2,6,6,27,196,0.222,8.91,1.25,1,program->program,519-1 521-0 653-10,1.858
EPRO10,EPRO15,6,5,17,655,0.353,4.23,1.42,0,program->program,80-151 395-6 534-64,1.851
CFAB59,ESTO25,23,13,115,343,0.2,4.58,1.2,1,program->program,103-1 120-8 121-26,1.841
CPRO22,CFAB59,3,3,11,115,0.273,18.64,1.35,1,program->program,479-1 480-0 517-0,1.841
TERC2,COMP5,3,3,14,47,0.214,35.83,1.27,1,program->program,211-32 918-0 961-0,1.836
VEND100,COMP5,3,3,14,47,0.214,35.83,1.27,1,program->program,919-1 934-3 935-1,1.836
VEND114,ESTO7,3,3,8,319,0.375,9.24,1.54,1,program->program,372-23 527-0 994-0,1.831
CEXC1024,ESTO7,3,3,8,319,0.375,9.24,1.54,1,program->program,875-1 879-3 882-0,1.831
ADMI42,EPRO15,4,4,10,655,0.4,4.8,1.53,1,program->program,75-0 567-0 639-5,1.812
ESTO4,FATU2,13,11,64,321,0.203,4.97,1.2,1,program->program,89-80 100-0 157-20,1.793
VEND98,PEDI44,4,4,18,112,0.222,15.59,1.27,1,program->program,211-168 258-36 573-161,1.792
VEND100,FATU124,3,3,14,52,0.214,32.38,1.26,1,program->program,919-1 934-3 935-1,1.786
TERC8,ESTO25,3,3,8,343,0.375,8.59,1.53,1,program->program,76-1 529-2 720-3,1.779
CREC4,PEDI1,3,3,7,499,0.429,6.75,1.64,1,program->program,77-6 967-0 977-4,1.773
COMP50,COMP14,5,3,23,73,0.217,23.4,1.27,0,program->program,668-1 678-29 955-3,1.773
ADMI24,PEDI1,3,3,7,499,0.429,6.75,1.64,1,program->program,757-39 889-26 895-0,1.773
PEDI26,ESTO7,6,6,24,319,0.25,6.16,1.28,1,program->program,170-135 593-15 810-0,1.772
COMP5,ESTO25,10,10,47,343,0.213,4.87,1.21,1,program->program,211-32 310-7 519-1,1.767
CPRO24,FATU3,4,4,15,217,0.267,9.66,1.33,1,program->program,141-9 479-1 480-3,1.762
COMP50,COMP3,6,3,23,159,0.261,12.89,1.33,0,program->program,668-1 678-29 955-3,1.752
ADMI35,FATU2,12,11,60,321,0.2,4.9,1.2,1,program->program,0-0 211-83 258-38,1.749
EPRO105,FATU74,3,3,15,43,0.2,36.55,1.24,1,program->program,519-2 930-6 970-2,1.744
FATU79,MPSP5,3,3,9,259,0.333,10.11,1.45,1,program->program,919-0 960-0 981-1,1.737
VEND100,ADMI35,3,3,14,60,0.214,28.06,1.26,1,program->program,258-50 646-3 971-0,1.716
CFAB23,CFAB2,3,3,10,196,0.3,12.03,1.39,0,program->program,90-1 454-38 615-0,1.709
PREC36,PREC7,3,3,15,48,0.2,32.74,1.24,0,program->program,132-7 149-1 535-0,1.692
ESTO16,RECE2,4,4,19,110,0.211,15.04,1.25,1,program->program,147-7 235-48 342-15,1.69
ESTO15,ESTO7,10,8,47,319,0.213,5.24,1.22,0,program->program,147-7 185-23 194-20,1.675
ESTO81,EPRO15,6,4,17,655,0.353,4.23,1.42,1,program->program,104-6 139-0 344-1,1.663
CPRO2,ADMI6,3,3,11,159,0.273,13.48,1.35,1,program->program,665-0 820-1 830-2,1.653
FATU44,PEDI44,4,3,17,112,0.235,16.51,1.29,1,program->program,9-0 159-13 258-16,1.652
FATU74,ESTO25,9,9,43,343,0.209,4.8,1.21,1,program->program,211-32 288-9 519-1,1.648
PREC12,CFAB1,3,3,12,120,0.25,16.37,1.31,1,program->program,138-13 141-8 773-13,1.647
CFAB78,ESTO112,3,3,13,91,0.231,19.93,1.28,1,program->program,120-8 122-1 139-1,1.645
EPRO105,MPSP5,4,4,15,259,0.267,8.09,1.32,1,program->program,80-228 170-200 519-1,1.643
ESTO81,CFAB59,4,3,17,115,0.235,16.08,1.29,1,program->program,104-6 139-0 345-18,1.638
CPRO3,FATU3,7,6,34,217,0.206,7.46,1.22,1,program->program,274-31 479-4 480-0,1.636
VEND100,RECE7,3,3,14,72,0.214,23.39,1.26,1,program->program,923-3 935-0 965-0,1.626
ESTO112,EPRO15,20,16,91,655,0.22,2.64,1.17,1,program->program,120-8 121-44 139-0,1.621
VEND31,PEDI1,6,6,22,499,0.273,4.29,1.29,1,program->program,258-49 634-16 946-3,1.619
CPRO22,EPRO15,4,4,11,655,0.364,4.36,1.44,1,program->program,479-1 480-0 515-2,1.607
CEXT85,ESTO7,3,3,9,319,0.333,8.21,1.44,1,program->program,144-6 878-3 978-0,1.602
FATU125,ESTO7,3,3,9,319,0.333,8.21,1.44,1,program->program,162-21 272-8 282-5,1.602
ADMI96,FATU2,3,3,9,321,0.333,8.16,1.44,1,program->program,88-0 799-4 802-0,1.598
CEXT85,FATU2,3,3,9,321,0.333,8.16,1.44,1,program->program,144-6 211-32 978-0,1.598
ADMI260,PEDI1,6,5,21,499,0.286,4.5,1.31,1,program->program,608-47 635-0 757-40,1.589
CPRO1,ADMI6,4,4,18,159,0.222,10.98,1.26,1,program->program,149-3 517-0 665-0,1.584
ESTO19,ESTO7,7,5,29,319,0.241,5.95,1.26,0,program->program,9-0 159-14 209-2,1.582
CPAG5,EPRO15,3,3,7,655,0.429,5.14,1.6,1,program->program,974-0 978-0 981-0,1.571
FATU12,ESTO7,7,6,31,319,0.226,5.56,1.24,1,program->program,288-11 342-10 521-1,1.568
MPSP33,COMP13,3,3,11,186,0.273,11.52,1.34,1,program->program,80-120 350-3 454-20,1.563
ESTO71,MPSP5,7,7,35,259,0.2,6.07,1.21,1,program->program,519-1 521-0 529-0,1.559
TERC10,PEDI44,4,3,18,112,0.222,15.59,1.27,1,program->program,211-31 212-29 974-0,1.544
CFAB11,EPRO15,7,5,23,655,0.304,3.65,1.32,1,program->program,103-1 335-3 344-59,1.543
MPSP33,CFAB2,3,3,11,196,0.273,10.93,1.34,1,program->program,454-20 547-31 653-10,1.533
FATU94,ESTO7,5,4,19,319,0.263,6.48,1.3,1,program->program,9-0 159-9 261-5,1.532
VEND114,PEDI1,3,3,8,499,0.375,5.91,1.5,1,program->program,372-23 527-0 573-141,1.521
PEDI40,PEDI1,3,3,8,499,0.375,5.91,1.5,0,program->program,566-143 573-20 788-4,1.521
CPRO27,ESTO112,3,3,14,91,0.214,18.5,1.26,1,program->program,2-0 479-1 480-0,1.512
CFAB11,ESTO25,6,4,23,343,0.261,5.98,1.29,1,program->program,103-1 335-3 344-13,1.502
ADMI8,EPRO15,18,17,87,655,0.207,2.48,1.16,1,program->program,58-0 77-0 80-90,1.5
EPRO18,ADMI6,3,3,12,159,0.25,12.36,1.31,1,program->program,349-8 383-13 932-0,1.496
FATU104,FATU3,9,3,37,217,0.243,8.81,1.28,0,program->program,274-12 454-38 822-2,1.482
TERC10,CFAB2,4,4,18,196,0.222,8.91,1.25,1,program->program,625-2 918-0 920-0,1.463
MPSP20,MPSP5,5,3,19,259,0.263,7.98,1.31,0,program->program,170-135 593-15 950-0,1.439
FATU124,FATU61,12,3,52,211,0.231,8.59,1.27,0,program->program,213-100 292-8 935-0,1.423
TERC10,FATU61,4,4,18,211,0.222,8.28,1.25,1,program->program,920-0 923-3 965-0,1.422
VEND100,RECE2,3,3,14,110,0.214,15.31,1.25,1,program->program,923-3 935-0 965-3,1.422
CEXT18,ESTO7,3,3,10,319,0.3,7.39,1.37,1,program->program,144-1 856-21 878-3,1.416
CFAB23,ESTO7,3,3,10,319,0.3,7.39,1.37,1,program->program,144-1 454-39 950-0,1.416
ADMI42,FATU2,3,3,10,321,0.3,7.34,1.37,1,program->program,970-2 980-0 994-4,1.412
ADMI66,FATU2,4,3,14,321,0.286,6.99,1.34,1,program->program,21-0 211-166 976-1,1.411
COMP24,CFAB2,3,3,12,196,0.25,10.02,1.3,1,program->program,76-1 918-0 920-0,1.385
VEND122,EPRO15,7,3,21,655,0.333,4.0,1.37,1,program->program,479-1 507-11 508-0,1.354
FATU12,PEDI1,7,7,31,499,0.226,3.56,1.21,1,program->program,519-1 521-3 919-0,1.352
COMP4,PEDI1,4,4,14,499,0.286,4.5,1.31,1,program->program,140-0 663-10 690-5,1.344
ADMI44,PEDI1,5,4,18,499,0.278,4.37,1.3,1,program->program,195-3 573-173 923-0,1.341
PREC8,CFAB2,6,4,30,196,0.2,8.02,1.22,1,program->program,370-6 615-41 770-3,1.34
EPRO14,EPRO15,6,6,23,655,0.261,3.13,1.24,0,program->program,80-40 104-2 111-1,1.326
CEXT85,PEDI1,3,3,9,499,0.333,5.25,1.4,1,program->program,144-1 878-3 978-0,1.322
VEND100,FATU16,3,3,14,140,0.214,12.03,1.25,1,program->program,919-1 934-3 935-1,1.307
CFAB10,FATU2,6,6,30,321,0.2,4.9,1.2,1,program->program,920-0 960-0 971-0,1.307
FATU4,PEDI44,3,3,15,112,0.2,14.03,1.23,1,program->program,9-0 159-13 211-127,1.303
MIND16,FATU2,4,3,15,321,0.267,6.53,1.31,1,program->program,211-32 850-4 853-3,1.295
PEDI7,EPRO15,14,8,62,655,0.226,2.71,1.18,1,program->program,80-220 363-6 396-0,1.291
ADMI44,COMP13,4,3,18,186,0.222,9.39,1.26,1,program->program,667-6 683-35 966-0,1.287
PEDI138,PEDI1,4,3,13,499,0.308,4.85,1.35,0,program->program,894-0 897-5 902-0,1.274
TERC9,ESTO7,3,3,11,319,0.273,6.72,1.32,1,program->program,76-1 529-2 717-0,1.264
RHUM9,ESTO7,3,3,11,319,0.273,6.72,1.32,1,program->program,146-0 978-0 983-0,1.264
CPRO22,ESTO7,3,3,11,319,0.273,6.72,1.32,1,program->program,479-4 480-0 517-0,1.264
PEDI118,ESTO7,5,5,24,319,0.208,5.13,1.21,1,program->program,252-4 626-17 939-0,1.252
PEDI118,FATU2,5,5,24,321,0.208,5.1,1.21,1,program->program,626-17 939-5 942-3,1.249
CFAB10,EPRO15,7,7,30,655,0.233,2.8,1.2,1,program->program,119-8 131-1 148-0,1.226
ESTO131,ESTO25,3,3,11,343,0.273,6.25,1.31,0,program->program,156-2 911-17 932-1,1.225
EPRO39,EPRO15,8,7,35,655,0.229,2.74,1.19,0,program->program,80-14 83-31 357-4,1.202
VEND100,COMP13,3,3,14,186,0.214,9.05,1.24,1,program->program,919-1 934-3 935-1,1.175
CFAB19,EPRO15,4,4,14,655,0.286,3.43,1.28,1,program->program,80-51 97-1 139-0,1.173
CPRO27,PEDI1,4,3,14,499,0.286,4.5,1.31,1,program->program,2-0 479-1 480-0,1.157
ESTO20,ESTO25,5,4,23,343,0.217,4.98,1.22,0,program->program,201-25 202-3 259-11,1.152
EPRO61,PEDI1,8,5,36,499,0.222,3.5,1.2,1,program->program,77-0 479-7 507-11,1.151
ESTO115,ESTO7,4,4,19,319,0.211,5.19,1.22,0,program->program,471-9 527-0 983-3,1.11
VEND14,EPRO15,7,4,27,655,0.259,3.11,1.24,1,program->program,80-221 521-0 653-12,1.105
CPRO27,FATU3,3,3,14,217,0.214,7.76,1.24,1,program->program,479-4 480-3 515-3,1.105
VEND100,MPSP2,3,3,14,223,0.214,7.55,1.24,1,program->program,919-1 934-3 935-1,1.093
EPRO2,PEDI1,8,5,38,499,0.211,3.32,1.19,1,program->program,80-86 103-0 170-191,1.065
CFAB7,EPRO15,8,7,38,655,0.211,2.53,1.16,1,program->program,96-0 97-1 344-1,1.065
ADMI16,PEDI1,6,4,26,499,0.231,3.63,1.22,1,program->program,107-6 573-56 856-5,1.062
EPRO105,CFAB2,3,3,15,196,0.2,8.02,1.22,1,program->program,170-200 519-2 873-48,1.058
ADMI260,EPRO15,5,5,21,655,0.238,2.86,1.2,1,program->program,75-0 608-1 948-0,1.049
ESTO1,EPRO15,5,5,21,655,0.238,2.86,1.2,1,program->program,151-15 344-19 621-7,1.049
ESTO23,ESTO25,6,4,30,343,0.2,4.58,1.2,0,program->program,250-20 252-6 702-0,1.047
CEXT84,PEDI1,4,4,17,499,0.235,3.71,1.22,1,program->program,144-1 149-4 856-5,1.038
EPRO69,PEDI1,3,3,11,499,0.273,4.29,1.29,1,program->program,80-86 345-20 454-57,1.03
EPRO60,EPRO15,9,4,37,655,0.243,2.92,1.21,0,program->program,80-93 678-72 683-89,1.03
RHUM9,PEDI1,3,3,11,499,0.273,4.29,1.29,1,program->program,146-0 970-2 978-0,1.03
MPSP33,PEDI1,3,3,11,499,0.273,4.29,1.29,1,program->program,454-22 547-31 653-10,1.03
CPRO22,PEDI1,3,3,11,499,0.273,4.29,1.29,1,program->program,479-1 480-0 517-0,1.03
VEND100,MPSP5,3,3,14,259,0.214,6.5,1.23,1,program->program,919-1 934-0 935-1,1.026
CPRO3,EPRO15,7,7,34,655,0.206,2.47,1.15,1,program->program,149-3 479-3 480-1,1.019
CFAB65,PEDI1,5,4,22,499,0.227,3.58,1.21,1,program->program,170-135 454-38 570-0,1.019
ADMI19,EPRO15,3,3,10,655,0.3,3.6,1.31,1,program->program,10-0 21-0 308-2,1.016
EPRO105,FATU3,3,3,15,217,0.2,7.24,1.22,1,program->program,519-1 930-0 970-0,1.014
VEND78,PEDI1,6,5,29,499,0.207,3.26,1.18,1,program->program,211-111 573-141 579-13,1.013
EPRO32,PEDI1,4,3,16,499,0.25,3.94,1.25,1,program->program,397-2 562-4 563-17,0.97
TERC10,PEDI1,4,4,18,499,0.222,3.5,1.2,1,program->program,212-29 923-3 965-5,0.96
COMP4,FATU2,3,3,14,321,0.214,5.25,1.22,1,program->program,74-0 338-5 678-96,0.933
EPRO18,PEDI1,3,3,12,499,0.25,3.94,1.25,1,program->program,80-140 103-0 383-13,0.922
RHUM9,EPRO15,3,3,11,655,0.273,3.27,1.26,1,program->program,970-2 978-0 981-0,0.898
CPRO24,ESTO7,3,3,15,319,0.2,4.93,1.2,1,program->program,141-9 479-4 480-0,0.856
EPRO105,FATU2,3,3,15,321,0.2,4.9,1.2,1,program->program,454-71 519-1 970-2,0.854
ADMI44,EPRO15,4,4,18,655,0.222,2.67,1.18,1,program->program,10-1 151-14 530-0,0.83
VEND35,PEDI1,4,3,18,499,0.222,3.5,1.2,1,program->program,579-13 588-17 757-43,0.827
PEDI46,EPRO15,5,4,25,655,0.2,2.4,1.15,1,program->program,887-0 891-1 896-5,0.732
CPRO24,PEDI1,3,3,15,499,0.2,3.15,1.17,1,program->program,2-0 479-1 480-0,0.684
PEDI112,PEDI1,3,3,15,499,0.2,3.15,1.17,0,program->program,257-39 527-0 683-16,0.684
ESTO123,EPRO15,3,3,14,655,0.214,2.57,1.17,1,program->program,249-2 459-2 949-0,0.648
CPRO27,EPRO15,3,3,14,655,0.214,2.57,1.17,1,program->program,479-1 480-0 515-2,0.648
CPRO24,EPRO15,3,3,15,655,0.2,2.4,1.15,1,program->program,479-1 480-0 515-2,0.589
