cluster_a,cluster_b,links,keywords_a,keywords_b
72,80,48,"ocorrida, sobre, situação","assunto, mail, marcio"
97,98,39,"compras, necessidades, mrp","suprimentos compras, compra alteração, compras compra"
29,30,38,"detalhamento teste, login, user","composto, documentação processos, transferência"
73,77,36,"relatório, fiscal, gera nota","conciliação estoque, ordens fabricação, relatório"
122,136,33,"abastecimento, ofs, materiais","abastecimento, suprimentos planejamento, materiais"
42,43,30,"conjunto, marca, embalagem","materiais, material, componente"
63,80,28,"preço, ecommerce, precisa habilitar","assunto, mail, marcio"
138,139,27,"plano mestre, mestre produção, planejamento","mestre produção, plano mestre, manufatura plano"
72,74,27,"ocorrida, sobre, situação","controle acesso, aplicar ajuste, aplicação participará"
99,122,26,"qtde, medição, metragem","abastecimento, ofs, materiais"
51,80,25,"medidora, barras, está lendo","assunto, mail, marcio"
57,58,23,"calculo, fpv, tarifas","preço venda, cálculo, fpv"
62,80,23,"carta correção, mail assunto, nfs","assunto, mail, marcio"
149,150,23,"faturamento, liberação, estabelecimento","faturamento, rota, liberação pedidos"
80,81,22,"assunto, mail, marcio","descritivos técnicos, doc, relatório emissões"
122,137,22,"abastecimento, ofs, materiais","centro custo, requisição, baixa"
123,124,22,"distribuição pedidos, entrega, vendas distribuição","distribuição pedidos, markup, pedidos venda"
131,132,22,"ivendre, ios, valor mínimo","android, app, ivendre"
43,44,21,"materiais, material, componente","engenharia, estruturação produto, desenvolvimento produto"
76,77,21,"rotativo inventario, liberar estoque, relatório posição","conciliação estoque, ordens fabricação, relatório"
27,29,21,"insumo, liq, prod","detalhamento teste, login, user"
39,80,19,"pegada, patchs, frigolaste","assunto, mail, marcio"
136,137,19,"abastecimento, suprimentos planejamento, materiais","centro custo, requisição, baixa"
13,14,18,"tag, obrig rejeição, chave acesso","alíquota, ibs, cbs"
127,133,18,"eficiência, eficiencia, recurso","planejamento, minutos, recurso"
139,140,18,"mestre produção, plano mestre, manufatura plano","plano mestre, mestre produção, relatório plano"
135,142,18,"remessa, industrialização, retorno","retorno remessa, recebimento, industrialização"
147,148,18,"recebimento notas, fiscal entrada, suprimentos recebimento","importação notas, xml, fiscais importação"
79,108,18,"email, envio, configuração","importação, edi, arquivo"
65,80,17,"ora, consolidar, bolsas operaciones","assunto, mail, marcio"
50,52,17,"custeio, couro, produto pronto","custeio, custo, mês"
20,119,17,"carteira, análise, relatório","processo, recurso, relatório"
56,58,17,"fpv, temporada, custo","preço venda, cálculo, fpv"
62,129,16,"carta correção, mail assunto, nfs","entrada, chave, nfs"
143,146,16,"monitor, danfe, fiscais","fiscais, notas, fiscal saída"
56,57,15,"fpv, temporada, custo","calculo, fpv, tarifas"
97,136,15,"compras, necessidades, mrp","abastecimento, suprimentos planejamento, materiais"
37,44,14,"grade, variação, tamanhos","engenharia, estruturação produto, desenvolvimento produto"
106,122,14,"medida, unidade, primária","abastecimento, ofs, materiais"
99,110,14,"qtde, medição, metragem","formula, tinta, acabamento"
119,120,14,"processo, recurso, relatório","cartão, emissão, componente"
100,101,14,"cri, inventariado, inventário","suprimentos estoque, estoque lançamentos, estoque produto"
122,135,14,"abastecimento, ofs, materiais","remessa, industrialização, retorno"
69,84,13,"select, tabela, empresa","sql, código, select"
88,98,13,"pré, recebimento, pre","suprimentos compras, compra alteração, compras compra"
54,55,13,"painel embalagem, embalagem web, web painel","painel, web, abate"
65,103,12,"ora, consolidar, bolsas operaciones","ora, mensagem, erro"
84,105,12,"sql, código, select","estoque, reserva, localização"
66,80,12,"link, http, kunden senha","assunto, mail, marcio"
74,75,12,"controle acesso, aplicar ajuste, aplicação participará","topificação utilizar, utilizar modelo, modelo topificação"
105,116,11,"estoque, reserva, localização","consignação, depósito, operação"
67,120,11,"etiqueta, emissão, unidade produto","cartão, emissão, componente"
67,69,11,"etiqueta, emissão, unidade produto","select, tabela, empresa"
12,14,11,"cbs, ibs, monofásica","alíquota, ibs, cbs"
90,119,11,"rendimento, custo, listar","processo, recurso, relatório"
56,80,11,"fpv, temporada, custo","assunto, mail, marcio"
111,133,11,"semi, acabado, ofs","planejamento, minutos, recurso"
85,86,11,"lotes, painel, fracionar","estoque futuro, localização, produção estoque"
38,43,10,"assunto alteração, alteração ficha, material","materiais, material, componente"
90,120,10,"rendimento, custo, listar","cartão, emissão, componente"
73,80,10,"relatório, fiscal, gera nota","assunto, mail, marcio"
26,29,10,"saldo saldo, alterado, prev","detalhamento teste, login, user"
73,81,10,"relatório, fiscal, gera nota","descritivos técnicos, doc, relatório emissões"
42,80,10,"conjunto, marca, embalagem","assunto, mail, marcio"
78,115,10,"plano produção, entrega, planos","planejamento, ofs, planos"
146,148,10,"fiscais, notas, fiscal saída","importação notas, xml, fiscais importação"
80,130,10,"assunto, mail, marcio","schneider, marcio, reni"
70,71,10,"rotulo, ler, caixa","impressora, navegador, impressão"
61,73,10,"relatório plano, plano mestre, mestre produção","relatório, fiscal, gera nota"
99,135,9,"qtde, medição, metragem","remessa, industrialização, retorno"
34,41,9,"corrugado, rótulos, encaixotamento","lote, balanceado, quantidade"
39,40,9,"pegada, patchs, frigolaste","aplicar regra, venda documentação, estrutura comercial"
107,112,9,"apontamento, web, coletores","apontamento, fábrica lançamentos, talão"
99,106,9,"qtde, medição, metragem","medida, unidade, primária"
117,118,9,"apontamento, fábrica lançamentos, desvio","multitarefa, cep, apontamento"
116,135,9,"consignação, depósito, operação","remessa, industrialização, retorno"
23,109,9,"satra, arquivo, ticket","ticket, proceso, producción"
146,150,9,"fiscais, notas, fiscal saída","faturamento, rota, liberação pedidos"
34,35,9,"corrugado, rótulos, encaixotamento","rótulos, armazenamento, unidades"
78,97,9,"plano produção, entrega, planos","compras, necessidades, mrp"
121,131,9,"ivendre, fotos, ios","ivendre, ios, valor mínimo"
125,126,9,"representante, entrega, preços","desconto, comissão, regra"
29,79,9,"detalhamento teste, login, user","email, envio, configuração"
103,130,8,"ora, mensagem, erro","schneider, marcio, reni"
110,111,8,"formula, tinta, acabamento","semi, acabado, ofs"
83,135,8,"cep, lançamento, controle indicador","remessa, industrialização, retorno"
80,103,8,"assunto, mail, marcio","ora, mensagem, erro"
44,120,8,"engenharia, estruturação produto, desenvolvimento produto","cartão, emissão, componente"
106,117,8,"medida, unidade, primária","apontamento, fábrica lançamentos, desvio"
117,120,8,"apontamento, fábrica lançamentos, desvio","cartão, emissão, componente"
20,136,8,"carteira, análise, relatório","abastecimento, suprimentos planejamento, materiais"
25,134,8,"caixas, aproveitamento, lote","encaixotamento liberação, talões, faturamento"
72,76,8,"ocorrida, sobre, situação","rotativo inventario, liberar estoque, relatório posição"
62,135,8,"carta correção, mail assunto, nfs","remessa, industrialização, retorno"
71,80,8,"impressora, navegador, impressão","assunto, mail, marcio"
24,80,8,"logs, job, tabelas","assunto, mail, marcio"
15,33,8,"manutenção, preventiva, maquina","manutenção industrial, transferência, máquina"
15,80,8,"manutenção, preventiva, maquina","assunto, mail, marcio"
73,76,7,"relatório, fiscal, gera nota","rotativo inventario, liberar estoque, relatório posição"
26,80,7,"saldo saldo, alterado, prev","assunto, mail, marcio"
9,10,7,"doccob, transportadora, conemb","codex clipboard, png, tecnica"
103,120,7,"ora, mensagem, erro","cartão, emissão, componente"
80,109,7,"assunto, mail, marcio","ticket, proceso, producción"
41,122,7,"lote, balanceado, quantidade","abastecimento, ofs, materiais"
47,78,7,"rentabilidade, inicialização, venda","plano produção, entrega, planos"
31,48,7,"conta contábil, produtos fabricação, geração produtos","produtos fabricação, geração produtos, fabricação quando"
52,93,7,"custeio, custo, mês","encerramento, estoque, períodos"
129,135,7,"entrada, chave, nfs","remessa, industrialização, retorno"
129,130,7,"entrada, chave, nfs","schneider, marcio, reni"
39,66,7,"pegada, patchs, frigolaste","link, http, kunden senha"
78,119,7,"plano produção, entrega, planos","processo, recurso, relatório"
72,81,7,"ocorrida, sobre, situação","descritivos técnicos, doc, relatório emissões"
80,107,7,"assunto, mail, marcio","apontamento, web, coletores"
29,60,7,"detalhamento teste, login, user","grafdil, pessoa, franquia"
78,92,7,"plano produção, entrega, planos","planejamento vendas, cota, carcaça"
79,80,7,"email, envio, configuração","assunto, mail, marcio"
33,135,7,"manutenção industrial, transferência, máquina","remessa, industrialização, retorno"
29,75,7,"detalhamento teste, login, user","topificação utilizar, utilizar modelo, modelo topificação"
113,114,6,"fabricação talão, talão lote, apontamento ordem","flush, back, baixa"
72,77,6,"ocorrida, sobre, situação","conciliação estoque, ordens fabricação, relatório"
84,86,6,"sql, código, select","estoque futuro, localização, produção estoque"
38,42,6,"assunto alteração, alteração ficha, material","conjunto, marca, embalagem"
49,67,6,"etiqueta, embalagem, painel","etiqueta, emissão, unidade produto"
59,150,6,"romaneio, saída, faturamento","faturamento, rota, liberação pedidos"
114,122,6,"flush, back, baixa","abastecimento, ofs, materiais"
62,63,6,"carta correção, mail assunto, nfs","preço, ecommerce, precisa habilitar"
135,141,6,"remessa, industrialização, retorno","retorno, industrialização deposito, depósito"
89,150,6,"flex, vendas, saldo","faturamento, rota, liberação pedidos"
129,144,6,"entrada, chave, nfs","sefaz, receita, nfs"
141,142,6,"retorno, industrialização deposito, depósito","retorno remessa, recebimento, industrialização"
64,87,6,"lote mínimo, mínimo compra, qtde","reposição, ponto, estoque segurança"
80,91,6,"assunto, mail, marcio","fornecedor, wagner, nfs"
115,133,6,"planejamento, ofs, planos","planejamento, minutos, recurso"
133,138,6,"planejamento, minutos, recurso","plano mestre, mestre produção, planejamento"
68,103,6,"ora, into kunden, null into","ora, mensagem, erro"
80,120,6,"assunto, mail, marcio","cartão, emissão, componente"
40,80,6,"aplicar regra, venda documentação, estrutura comercial","assunto, mail, marcio"
53,89,6,"painel, web, frigolaste","flex, vendas, saldo"
98,123,6,"suprimentos compras, compra alteração, compras compra","distribuição pedidos, entrega, vendas distribuição"
47,98,6,"rentabilidade, inicialização, venda","suprimentos compras, compra alteração, compras compra"
107,117,6,"apontamento, web, coletores","apontamento, fábrica lançamentos, desvio"
72,75,6,"ocorrida, sobre, situação","topificação utilizar, utilizar modelo, modelo topificação"
6,75,5,"user, senha, acesso base","topificação utilizar, utilizar modelo, modelo topificação"
121,132,5,"ivendre, fotos, ios","android, app, ivendre"
43,122,5,"materiais, material, componente","abastecimento, ofs, materiais"
69,109,5,"select, tabela, empresa","ticket, proceso, producción"
40,123,5,"aplicar regra, venda documentação, estrutura comercial","distribuição pedidos, entrega, vendas distribuição"
83,112,5,"cep, lançamento, controle indicador","apontamento, fábrica lançamentos, talão"
3,13,5,"evento, autor, leiaute","tag, obrig rejeição, chave acesso"
104,119,5,"operações, propriedade, tempo","processo, recurso, relatório"
106,119,5,"medida, unidade, primária","processo, recurso, relatório"
80,135,5,"assunto, mail, marcio","remessa, industrialização, retorno"
110,122,5,"formula, tinta, acabamento","abastecimento, ofs, materiais"
52,83,5,"custeio, custo, mês","cep, lançamento, controle indicador"
39,81,5,"pegada, patchs, frigolaste","descritivos técnicos, doc, relatório emissões"
25,122,5,"caixas, aproveitamento, lote","abastecimento, ofs, materiais"
69,115,5,"select, tabela, empresa","planejamento, ofs, planos"
41,78,5,"lote, balanceado, quantidade","plano produção, entrega, planos"
48,50,5,"produtos fabricação, geração produtos, fabricação quando","custeio, couro, produto pronto"
84,93,5,"sql, código, select","encerramento, estoque, períodos"
105,129,5,"estoque, reserva, localização","entrada, chave, nfs"
26,84,5,"saldo saldo, alterado, prev","sql, código, select"
81,122,5,"descritivos técnicos, doc, relatório emissões","abastecimento, ofs, materiais"
128,149,5,"crédito, risco, analise","faturamento, liberação, estabelecimento"
22,83,5,"devolução, cep, evento","cep, lançamento, controle indicador"
84,85,5,"sql, código, select","lotes, painel, fracionar"
18,108,5,"gtin, ean, txt","importação, edi, arquivo"
120,135,5,"cartão, emissão, componente","remessa, industrialização, retorno"
11,53,5,"contra nota, abate, condena","painel, web, frigolaste"
53,150,5,"painel, web, frigolaste","faturamento, rota, liberação pedidos"
89,132,5,"flex, vendas, saldo","android, app, ivendre"
53,54,5,"painel, web, frigolaste","painel embalagem, embalagem web, web painel"
15,24,5,"manutenção, preventiva, maquina","logs, job, tabelas"
89,92,5,"flex, vendas, saldo","planejamento vendas, cota, carcaça"
124,131,5,"distribuição pedidos, markup, pedidos venda","ivendre, ios, valor mínimo"
24,131,5,"logs, job, tabelas","ivendre, ios, valor mínimo"
94,98,5,"conversão, fator, fornecedor","suprimentos compras, compra alteração, compras compra"
19,29,5,"cnpj, pessoas, jurídicas","detalhamento teste, login, user"
29,80,5,"detalhamento teste, login, user","assunto, mail, marcio"
20,29,5,"carteira, análise, relatório","detalhamento teste, login, user"
1,128,4,"nao, dito, transcricao","crédito, risco, analise"
1,2,4,"nao, dito, transcricao","revisão, painel, fracionamento"
5,6,4,"reg, status notas, brancos","user, senha, acesso base"
24,79,4,"logs, job, tabelas","email, envio, configuração"
41,139,4,"lote, balanceado, quantidade","mestre produção, plano mestre, manufatura plano"
68,69,4,"ora, into kunden, null into","select, tabela, empresa"
34,44,4,"corrugado, rótulos, encaixotamento","engenharia, estruturação produto, desenvolvimento produto"
36,44,4,"características, categoria, configuração","engenharia, estruturação produto, desenvolvimento produto"
99,111,4,"qtde, medição, metragem","semi, acabado, ofs"
27,58,4,"insumo, liq, prod","preço venda, cálculo, fpv"
37,136,4,"grade, variação, tamanhos","abastecimento, suprimentos planejamento, materiais"
25,99,4,"caixas, aproveitamento, lote","qtde, medição, metragem"
112,117,4,"apontamento, fábrica lançamentos, talão","apontamento, fábrica lançamentos, desvio"
28,112,4,"cotação, moeda, cotações","apontamento, fábrica lançamentos, talão"
112,138,4,"apontamento, fábrica lançamentos, talão","plano mestre, mestre produção, planejamento"
67,70,4,"etiqueta, emissão, unidade produto","rotulo, ler, caixa"
20,90,4,"carteira, análise, relatório","rendimento, custo, listar"
90,110,4,"rendimento, custo, listar","formula, tinta, acabamento"
50,99,4,"custeio, couro, produto pronto","qtde, medição, metragem"
31,106,4,"conta contábil, produtos fabricação, geração produtos","medida, unidade, primária"
84,129,4,"sql, código, select","entrada, chave, nfs"
86,87,4,"estoque futuro, localização, produção estoque","reposição, ponto, estoque segurança"
80,115,4,"assunto, mail, marcio","planejamento, ofs, planos"
78,139,4,"plano produção, entrega, planos","mestre produção, plano mestre, manufatura plano"
78,138,4,"plano produção, entrega, planos","plano mestre, mestre produção, planejamento"
78,111,4,"plano produção, entrega, planos","semi, acabado, ofs"
48,80,4,"produtos fabricação, geração produtos, fabricação quando","assunto, mail, marcio"
31,99,4,"conta contábil, produtos fabricação, geração produtos","qtde, medição, metragem"
78,99,4,"plano produção, entrega, planos","qtde, medição, metragem"
109,136,4,"ticket, proceso, producción","abastecimento, suprimentos planejamento, materiais"
114,136,4,"flush, back, baixa","abastecimento, suprimentos planejamento, materiais"
119,122,4,"processo, recurso, relatório","abastecimento, ofs, materiais"
21,84,4,"labelli, pegada, vocês","sql, código, select"
146,147,4,"fiscais, notas, fiscal saída","recebimento notas, fiscal entrada, suprimentos recebimento"
105,130,4,"estoque, reserva, localização","schneider, marcio, reni"
88,147,4,"pré, recebimento, pre","recebimento notas, fiscal entrada, suprimentos recebimento"
11,147,4,"contra nota, abate, condena","recebimento notas, fiscal entrada, suprimentos recebimento"
25,119,4,"caixas, aproveitamento, lote","processo, recurso, relatório"
16,45,4,"controle embarque, embarque web, fiscais controle","embarque, controle, rótulos"
84,109,4,"sql, código, select","ticket, proceso, producción"
91,129,4,"fornecedor, wagner, nfs","entrada, chave, nfs"
59,135,4,"romaneio, saída, faturamento","remessa, industrialização, retorno"
105,135,4,"estoque, reserva, localização","remessa, industrialização, retorno"
115,119,4,"planejamento, ofs, planos","processo, recurso, relatório"
21,24,4,"labelli, pegada, vocês","logs, job, tabelas"
39,72,4,"pegada, patchs, frigolaste","ocorrida, sobre, situação"
17,80,4,"dígitos, ean, contentor","assunto, mail, marcio"
17,130,4,"dígitos, ean, contentor","schneider, marcio, reni"
104,133,4,"operações, propriedade, tempo","planejamento, minutos, recurso"
70,102,4,"rotulo, ler, caixa","rótulo, operação, coletor"
74,80,4,"controle acesso, aplicar ajuste, aplicação participará","assunto, mail, marcio"
49,54,4,"etiqueta, embalagem, painel","painel embalagem, embalagem web, web painel"
64,86,4,"lote mínimo, mínimo compra, qtde","estoque futuro, localização, produção estoque"
78,98,4,"plano produção, entrega, planos","suprimentos compras, compra alteração, compras compra"
102,123,4,"rótulo, operação, coletor","distribuição pedidos, entrega, vendas distribuição"
96,123,4,"instrução, embarque, cancelamento saldo","distribuição pedidos, entrega, vendas distribuição"
29,96,4,"detalhamento teste, login, user","instrução, embarque, cancelamento saldo"
20,71,4,"carteira, análise, relatório","impressora, navegador, impressão"
108,123,4,"importação, edi, arquivo","distribuição pedidos, entrega, vendas distribuição"
123,131,4,"distribuição pedidos, entrega, vendas distribuição","ivendre, ios, valor mínimo"
40,72,4,"aplicar regra, venda documentação, estrutura comercial","ocorrida, sobre, situação"
78,128,4,"plano produção, entrega, planos","crédito, risco, analise"
55,107,4,"painel, web, abate","apontamento, web, coletores"
79,98,4,"email, envio, configuração","suprimentos compras, compra alteração, compras compra"
29,127,4,"detalhamento teste, login, user","eficiência, eficiencia, recurso"
84,127,4,"sql, código, select","eficiência, eficiencia, recurso"
15,103,4,"manutenção, preventiva, maquina","ora, mensagem, erro"
76,80,4,"rotativo inventario, liberar estoque, relatório posição","assunto, mail, marcio"
15,89,4,"manutenção, preventiva, maquina","flex, vendas, saldo"
27,75,4,"insumo, liq, prod","topificação utilizar, utilizar modelo, modelo topificação"
2,46,3,"revisão, painel, fracionamento","armazenagem, local, locais"
43,104,3,"materiais, material, componente","operações, propriedade, tempo"
44,135,3,"engenharia, estruturação produto, desenvolvimento produto","remessa, industrialização, retorno"
57,80,3,"calculo, fpv, tarifas","assunto, mail, marcio"
41,44,3,"lote, balanceado, quantidade","engenharia, estruturação produto, desenvolvimento produto"
103,129,3,"ora, mensagem, erro","entrada, chave, nfs"
38,80,3,"assunto alteração, alteração ficha, material","assunto, mail, marcio"
75,80,3,"topificação utilizar, utilizar modelo, modelo topificação","assunto, mail, marcio"
49,83,3,"etiqueta, embalagem, painel","cep, lançamento, controle indicador"
84,112,3,"sql, código, select","apontamento, fábrica lançamentos, talão"
17,67,3,"dígitos, ean, contentor","etiqueta, emissão, unidade produto"
3,29,3,"evento, autor, leiaute","detalhamento teste, login, user"
85,99,3,"lotes, painel, fracionar","qtde, medição, metragem"
20,123,3,"carteira, análise, relatório","distribuição pedidos, entrega, vendas distribuição"
107,120,3,"apontamento, web, coletores","cartão, emissão, componente"
90,99,3,"rendimento, custo, listar","qtde, medição, metragem"
99,116,3,"qtde, medição, metragem","consignação, depósito, operação"
52,122,3,"custeio, custo, mês","abastecimento, ofs, materiais"
93,105,3,"encerramento, estoque, períodos","estoque, reserva, localização"
101,136,3,"suprimentos estoque, estoque lançamentos, estoque produto","abastecimento, suprimentos planejamento, materiais"
84,95,3,"sql, código, select","arezzo, importação, rótulos"
37,69,3,"grade, variação, tamanhos","select, tabela, empresa"
34,95,3,"corrugado, rótulos, encaixotamento","arezzo, importação, rótulos"
84,138,3,"sql, código, select","plano mestre, mestre produção, planejamento"
52,57,3,"custeio, custo, mês","calculo, fpv, tarifas"
50,80,3,"custeio, couro, produto pronto","assunto, mail, marcio"
48,52,3,"produtos fabricação, geração produtos, fabricação quando","custeio, custo, mês"
15,93,3,"manutenção, preventiva, maquina","encerramento, estoque, períodos"
39,123,3,"pegada, patchs, frigolaste","distribuição pedidos, entrega, vendas distribuição"
48,99,3,"produtos fabricação, geração produtos, fabricação quando","qtde, medição, metragem"
32,52,3,"recálculo, custeio, controladoria custos","custeio, custo, mês"
95,103,3,"arezzo, importação, rótulos","ora, mensagem, erro"
79,143,3,"email, envio, configuração","monitor, danfe, fiscais"
143,147,3,"monitor, danfe, fiscais","recebimento notas, fiscal entrada, suprimentos recebimento"
84,135,3,"sql, código, select","remessa, industrialização, retorno"
19,143,3,"cnpj, pessoas, jurídicas","monitor, danfe, fiscais"
87,136,3,"reposição, ponto, estoque segurança","abastecimento, suprimentos planejamento, materiais"
20,25,3,"carteira, análise, relatório","caixas, aproveitamento, lote"
42,84,3,"conjunto, marca, embalagem","sql, código, select"
25,100,3,"caixas, aproveitamento, lote","cri, inventariado, inventário"
145,149,3,"desconto, valor, liquido","faturamento, liberação, estabelecimento"
99,105,3,"qtde, medição, metragem","estoque, reserva, localização"
21,60,3,"labelli, pegada, vocês","grafdil, pessoa, franquia"
88,150,3,"pré, recebimento, pre","faturamento, rota, liberação pedidos"
84,130,3,"sql, código, select","schneider, marcio, reni"
62,95,3,"carta correção, mail assunto, nfs","arezzo, importação, rótulos"
4,17,3,"pdv, caixa, kunden","dígitos, ean, contentor"
62,147,3,"carta correção, mail assunto, nfs","recebimento notas, fiscal entrada, suprimentos recebimento"
93,135,3,"encerramento, estoque, períodos","remessa, industrialização, retorno"
59,95,3,"romaneio, saída, faturamento","arezzo, importação, rótulos"
78,123,3,"plano produção, entrega, planos","distribuição pedidos, entrega, vendas distribuição"
78,108,3,"plano produção, entrega, planos","importação, edi, arquivo"
41,119,3,"lote, balanceado, quantidade","processo, recurso, relatório"
21,91,3,"labelli, pegada, vocês","fornecedor, wagner, nfs"
41,138,3,"lote, balanceado, quantidade","plano mestre, mestre produção, planejamento"
42,110,3,"conjunto, marca, embalagem","formula, tinta, acabamento"
122,139,3,"abastecimento, ofs, materiais","mestre produção, plano mestre, manufatura plano"
51,95,3,"medidora, barras, está lendo","arezzo, importação, rótulos"
43,120,3,"materiais, material, componente","cartão, emissão, componente"
17,95,3,"dígitos, ean, contentor","arezzo, importação, rótulos"
64,78,3,"lote mínimo, mínimo compra, qtde","plano produção, entrega, planos"
97,111,3,"compras, necessidades, mrp","semi, acabado, ofs"
110,135,3,"formula, tinta, acabamento","remessa, industrialização, retorno"
119,140,3,"processo, recurso, relatório","plano mestre, mestre produção, relatório plano"
70,80,3,"rotulo, ler, caixa","assunto, mail, marcio"
92,96,3,"planejamento vendas, cota, carcaça","instrução, embarque, cancelamento saldo"
24,130,3,"logs, job, tabelas","schneider, marcio, reni"
53,80,3,"painel, web, frigolaste","assunto, mail, marcio"
46,85,3,"armazenagem, local, locais","lotes, painel, fracionar"
30,85,3,"composto, documentação processos, transferência","lotes, painel, fracionar"
24,53,3,"logs, job, tabelas","painel, web, frigolaste"
87,105,3,"reposição, ponto, estoque segurança","estoque, reserva, localização"
89,139,3,"flex, vendas, saldo","mestre produção, plano mestre, manufatura plano"
57,135,3,"calculo, fpv, tarifas","remessa, industrialização, retorno"
67,123,3,"etiqueta, emissão, unidade produto","distribuição pedidos, entrega, vendas distribuição"
80,121,3,"assunto, mail, marcio","ivendre, fotos, ios"
125,131,3,"representante, entrega, preços","ivendre, ios, valor mínimo"
123,128,3,"distribuição pedidos, entrega, vendas distribuição","crédito, risco, analise"
47,123,3,"rentabilidade, inicialização, venda","distribuição pedidos, entrega, vendas distribuição"
128,150,3,"crédito, risco, analise","faturamento, rota, liberação pedidos"
88,123,3,"pré, recebimento, pre","distribuição pedidos, entrega, vendas distribuição"
107,135,3,"apontamento, web, coletores","remessa, industrialização, retorno"
40,131,3,"aplicar regra, venda documentação, estrutura comercial","ivendre, ios, valor mínimo"
60,125,3,"grafdil, pessoa, franquia","representante, entrega, preços"
119,127,3,"processo, recurso, relatório","eficiência, eficiencia, recurso"
82,83,3,"inspeção, amostragem, cep","cep, lançamento, controle indicador"
74,120,3,"controle acesso, aplicar ajuste, aplicação participará","cartão, emissão, componente"
80,134,3,"assunto, mail, marcio","encaixotamento liberação, talões, faturamento"
63,72,3,"preço, ecommerce, precisa habilitar","ocorrida, sobre, situação"
126,145,3,"desconto, comissão, regra","desconto, valor, liquido"
19,80,3,"cnpj, pessoas, jurídicas","assunto, mail, marcio"
28,109,3,"cotação, moeda, cotações","ticket, proceso, producción"
28,84,3,"cotação, moeda, cotações","sql, código, select"
69,72,3,"select, tabela, empresa","ocorrida, sobre, situação"
87,93,3,"reposição, ponto, estoque segurança","encerramento, estoque, períodos"
79,130,3,"email, envio, configuração","schneider, marcio, reni"
24,123,3,"logs, job, tabelas","distribuição pedidos, entrega, vendas distribuição"
69,103,3,"select, tabela, empresa","ora, mensagem, erro"
15,60,3,"manutenção, preventiva, maquina","grafdil, pessoa, franquia"
19,93,3,"cnpj, pessoas, jurídicas","encerramento, estoque, períodos"
17,79,3,"dígitos, ean, contentor","email, envio, configuração"
15,104,3,"manutenção, preventiva, maquina","operações, propriedade, tempo"
6,73,3,"user, senha, acesso base","relatório, fiscal, gera nota"
68,120,2,"ora, into kunden, null into","cartão, emissão, componente"
68,80,2,"ora, into kunden, null into","assunto, mail, marcio"
41,117,2,"lote, balanceado, quantidade","apontamento, fábrica lançamentos, desvio"
43,80,2,"materiais, material, componente","assunto, mail, marcio"
9,58,2,"doccob, transportadora, conemb","preço venda, cálculo, fpv"
81,103,2,"descritivos técnicos, doc, relatório emissões","ora, mensagem, erro"
107,118,2,"apontamento, web, coletores","multitarefa, cep, apontamento"
78,133,2,"plano produção, entrega, planos","planejamento, minutos, recurso"
83,99,2,"cep, lançamento, controle indicador","qtde, medição, metragem"
112,130,2,"apontamento, fábrica lançamentos, talão","schneider, marcio, reni"
112,113,2,"apontamento, fábrica lançamentos, talão","fabricação talão, talão lote, apontamento ordem"
25,106,2,"caixas, aproveitamento, lote","medida, unidade, primária"
35,117,2,"rótulos, armazenamento, unidades","apontamento, fábrica lançamentos, desvio"
83,113,2,"cep, lançamento, controle indicador","fabricação talão, talão lote, apontamento ordem"
80,112,2,"assunto, mail, marcio","apontamento, fábrica lançamentos, talão"
51,67,2,"medidora, barras, está lendo","etiqueta, emissão, unidade produto"
120,122,2,"cartão, emissão, componente","abastecimento, ofs, materiais"
43,119,2,"materiais, material, componente","processo, recurso, relatório"
72,110,2,"ocorrida, sobre, situação","formula, tinta, acabamento"
106,108,2,"medida, unidade, primária","importação, edi, arquivo"
20,106,2,"carteira, análise, relatório","medida, unidade, primária"
23,106,2,"satra, arquivo, ticket","medida, unidade, primária"
29,99,2,"detalhamento teste, login, user","qtde, medição, metragem"
80,98,2,"assunto, mail, marcio","suprimentos compras, compra alteração, compras compra"
80,99,2,"assunto, mail, marcio","qtde, medição, metragem"
52,81,2,"custeio, custo, mês","descritivos técnicos, doc, relatório emissões"
83,106,2,"cep, lançamento, controle indicador","medida, unidade, primária"
83,91,2,"cep, lançamento, controle indicador","fornecedor, wagner, nfs"
106,135,2,"medida, unidade, primária","remessa, industrialização, retorno"
106,118,2,"medida, unidade, primária","multitarefa, cep, apontamento"
83,118,2,"cep, lançamento, controle indicador","multitarefa, cep, apontamento"
81,90,2,"descritivos técnicos, doc, relatório emissões","rendimento, custo, listar"
65,99,2,"ora, consolidar, bolsas operaciones","qtde, medição, metragem"
93,100,2,"encerramento, estoque, períodos","cri, inventariado, inventário"
40,136,2,"aplicar regra, venda documentação, estrutura comercial","abastecimento, suprimentos planejamento, materiais"
88,136,2,"pré, recebimento, pre","abastecimento, suprimentos planejamento, materiais"
25,41,2,"caixas, aproveitamento, lote","lote, balanceado, quantidade"
37,139,2,"grade, variação, tamanhos","mestre produção, plano mestre, manufatura plano"
78,140,2,"plano produção, entrega, planos","plano mestre, mestre produção, relatório plano"
78,93,2,"plano produção, entrega, planos","encerramento, estoque, períodos"
84,101,2,"sql, código, select","suprimentos estoque, estoque lançamentos, estoque produto"
31,101,2,"conta contábil, produtos fabricação, geração produtos","suprimentos estoque, estoque lançamentos, estoque produto"
84,116,2,"sql, código, select","consignação, depósito, operação"
50,109,2,"custeio, couro, produto pronto","ticket, proceso, producción"
31,83,2,"conta contábil, produtos fabricação, geração produtos","cep, lançamento, controle indicador"
98,101,2,"suprimentos compras, compra alteração, compras compra","suprimentos estoque, estoque lançamentos, estoque produto"
114,137,2,"flush, back, baixa","centro custo, requisição, baixa"
84,99,2,"sql, código, select","qtde, medição, metragem"
48,69,2,"produtos fabricação, geração produtos, fabricação quando","select, tabela, empresa"
143,148,2,"monitor, danfe, fiscais","importação notas, xml, fiscais importação"
65,129,2,"ora, consolidar, bolsas operaciones","entrada, chave, nfs"
9,130,2,"doccob, transportadora, conemb","schneider, marcio, reni"
95,129,2,"arezzo, importação, rótulos","entrada, chave, nfs"
29,129,2,"detalhamento teste, login, user","entrada, chave, nfs"
11,148,2,"contra nota, abate, condena","importação notas, xml, fiscais importação"
130,143,2,"schneider, marcio, reni","monitor, danfe, fiscais"
104,129,2,"operações, propriedade, tempo","entrada, chave, nfs"
22,129,2,"devolução, cep, evento","entrada, chave, nfs"
29,42,2,"detalhamento teste, login, user","conjunto, marca, embalagem"
19,79,2,"cnpj, pessoas, jurídicas","email, envio, configuração"
99,128,2,"qtde, medição, metragem","crédito, risco, analise"
32,65,2,"recálculo, custeio, controladoria custos","ora, consolidar, bolsas operaciones"
50,115,2,"custeio, couro, produto pronto","planejamento, ofs, planos"
29,84,2,"detalhamento teste, login, user","sql, código, select"
100,122,2,"cri, inventariado, inventário","abastecimento, ofs, materiais"
97,137,2,"compras, necessidades, mrp","centro custo, requisição, baixa"
84,149,2,"sql, código, select","faturamento, liberação, estabelecimento"
35,150,2,"rótulos, armazenamento, unidades","faturamento, rota, liberação pedidos"
145,150,2,"desconto, valor, liquido","faturamento, rota, liberação pedidos"
134,150,2,"encaixotamento liberação, talões, faturamento","faturamento, rota, liberação pedidos"
16,148,2,"controle embarque, embarque web, fiscais controle","importação notas, xml, fiscais importação"
45,134,2,"embarque, controle, rótulos","encaixotamento liberação, talões, faturamento"
45,96,2,"embarque, controle, rótulos","instrução, embarque, cancelamento saldo"
22,116,2,"devolução, cep, evento","consignação, depósito, operação"
123,146,2,"distribuição pedidos, entrega, vendas distribuição","fiscais, notas, fiscal saída"
33,146,2,"manutenção industrial, transferência, máquina","fiscais, notas, fiscal saída"
62,144,2,"carta correção, mail assunto, nfs","sefaz, receita, nfs"
98,146,2,"suprimentos compras, compra alteração, compras compra","fiscais, notas, fiscal saída"
29,68,2,"detalhamento teste, login, user","ora, into kunden, null into"
81,135,2,"descritivos técnicos, doc, relatório emissões","remessa, industrialização, retorno"
109,115,2,"ticket, proceso, producción","planejamento, ofs, planos"
65,115,2,"ora, consolidar, bolsas operaciones","planejamento, ofs, planos"
69,136,2,"select, tabela, empresa","abastecimento, suprimentos planejamento, materiais"
133,139,2,"planejamento, minutos, recurso","mestre produção, plano mestre, manufatura plano"
21,115,2,"labelli, pegada, vocês","planejamento, ofs, planos"
68,111,2,"ora, into kunden, null into","semi, acabado, ofs"
26,69,2,"saldo saldo, alterado, prev","select, tabela, empresa"
61,80,2,"relatório plano, plano mestre, mestre produção","assunto, mail, marcio"
70,95,2,"rotulo, ler, caixa","arezzo, importação, rótulos"
17,18,2,"dígitos, ean, contentor","gtin, ean, txt"
18,95,2,"gtin, ean, txt","arezzo, importação, rótulos"
18,150,2,"gtin, ean, txt","faturamento, rota, liberação pedidos"
120,123,2,"cartão, emissão, componente","distribuição pedidos, entrega, vendas distribuição"
35,120,2,"rótulos, armazenamento, unidades","cartão, emissão, componente"
99,120,2,"qtde, medição, metragem","cartão, emissão, componente"
34,38,2,"corrugado, rótulos, encaixotamento","assunto alteração, alteração ficha, material"
38,44,2,"assunto alteração, alteração ficha, material","engenharia, estruturação produto, desenvolvimento produto"
42,87,2,"conjunto, marca, embalagem","reposição, ponto, estoque segurança"
52,87,2,"custeio, custo, mês","reposição, ponto, estoque segurança"
51,70,2,"medidora, barras, está lendo","rotulo, ler, caixa"
67,71,2,"etiqueta, emissão, unidade produto","impressora, navegador, impressão"
67,108,2,"etiqueta, emissão, unidade produto","importação, edi, arquivo"
102,134,2,"rótulo, operação, coletor","encaixotamento liberação, talões, faturamento"
51,135,2,"medidora, barras, está lendo","remessa, industrialização, retorno"
74,102,2,"controle acesso, aplicar ajuste, aplicação participará","rótulo, operação, coletor"
102,125,2,"rótulo, operação, coletor","representante, entrega, preços"
27,44,2,"insumo, liq, prod","engenharia, estruturação produto, desenvolvimento produto"
81,140,2,"descritivos técnicos, doc, relatório emissões","plano mestre, mestre produção, relatório plano"
80,123,2,"assunto, mail, marcio","distribuição pedidos, entrega, vendas distribuição"
35,44,2,"rótulos, armazenamento, unidades","engenharia, estruturação produto, desenvolvimento produto"
35,123,2,"rótulos, armazenamento, unidades","distribuição pedidos, entrega, vendas distribuição"
35,68,2,"rótulos, armazenamento, unidades","ora, into kunden, null into"
68,112,2,"ora, into kunden, null into","apontamento, fábrica lançamentos, talão"
31,137,2,"conta contábil, produtos fabricação, geração produtos","centro custo, requisição, baixa"
89,126,2,"flex, vendas, saldo","desconto, comissão, regra"
88,89,2,"pré, recebimento, pre","flex, vendas, saldo"
53,100,2,"painel, web, frigolaste","cri, inventariado, inventário"
100,107,2,"cri, inventariado, inventário","apontamento, web, coletores"
11,83,2,"contra nota, abate, condena","cep, lançamento, controle indicador"
11,22,2,"contra nota, abate, condena","devolução, cep, evento"
16,150,2,"controle embarque, embarque web, fiscais controle","faturamento, rota, liberação pedidos"
53,92,2,"painel, web, frigolaste","planejamento vendas, cota, carcaça"
49,55,2,"etiqueta, embalagem, painel","painel, web, abate"
49,137,2,"etiqueta, embalagem, painel","centro custo, requisição, baixa"
46,54,2,"armazenagem, local, locais","painel embalagem, embalagem web, web painel"
17,85,2,"dígitos, ean, contentor","lotes, painel, fracionar"
100,105,2,"cri, inventariado, inventário","estoque, reserva, localização"
85,112,2,"lotes, painel, fracionar","apontamento, fábrica lançamentos, talão"
85,105,2,"lotes, painel, fracionar","estoque, reserva, localização"
20,122,2,"carteira, análise, relatório","abastecimento, ofs, materiais"
15,21,2,"manutenção, preventiva, maquina","labelli, pegada, vocês"
11,99,2,"contra nota, abate, condena","qtde, medição, metragem"
114,135,2,"flush, back, baixa","remessa, industrialização, retorno"
58,88,2,"preço venda, cálculo, fpv","pré, recebimento, pre"
28,57,2,"cotação, moeda, cotações","calculo, fpv, tarifas"
56,72,2,"fpv, temporada, custo","ocorrida, sobre, situação"
29,56,2,"detalhamento teste, login, user","fpv, temporada, custo"
58,110,2,"preço venda, cálculo, fpv","formula, tinta, acabamento"
111,123,2,"semi, acabado, ofs","distribuição pedidos, entrega, vendas distribuição"
123,150,2,"distribuição pedidos, entrega, vendas distribuição","faturamento, rota, liberação pedidos"
100,123,2,"cri, inventariado, inventário","distribuição pedidos, entrega, vendas distribuição"
47,108,2,"rentabilidade, inicialização, venda","importação, edi, arquivo"
16,96,2,"controle embarque, embarque web, fiscais controle","instrução, embarque, cancelamento saldo"
96,134,2,"instrução, embarque, cancelamento saldo","encaixotamento liberação, talões, faturamento"
92,125,2,"planejamento vendas, cota, carcaça","representante, entrega, preços"
42,126,2,"conjunto, marca, embalagem","desconto, comissão, regra"
20,21,2,"carteira, análise, relatório","labelli, pegada, vocês"
84,123,2,"sql, código, select","distribuição pedidos, entrega, vendas distribuição"
97,123,2,"compras, necessidades, mrp","distribuição pedidos, entrega, vendas distribuição"
123,145,2,"distribuição pedidos, entrega, vendas distribuição","desconto, valor, liquido"
107,119,2,"apontamento, web, coletores","processo, recurso, relatório"
68,114,2,"ora, into kunden, null into","flush, back, baixa"
29,125,2,"detalhamento teste, login, user","representante, entrega, preços"
34,125,2,"corrugado, rótulos, encaixotamento","representante, entrega, preços"
101,131,2,"suprimentos estoque, estoque lançamentos, estoque produto","ivendre, ios, valor mínimo"
20,125,2,"carteira, análise, relatório","representante, entrega, preços"
20,145,2,"carteira, análise, relatório","desconto, valor, liquido"
82,118,2,"inspeção, amostragem, cep","multitarefa, cep, apontamento"
55,80,2,"painel, web, abate","assunto, mail, marcio"
47,128,2,"rentabilidade, inicialização, venda","crédito, risco, analise"
29,128,2,"detalhamento teste, login, user","crédito, risco, analise"
97,149,2,"compras, necessidades, mrp","faturamento, liberação, estabelecimento"
39,61,2,"pegada, patchs, frigolaste","relatório plano, plano mestre, mestre produção"
63,145,2,"preço, ecommerce, precisa habilitar","desconto, valor, liquido"
64,109,2,"lote mínimo, mínimo compra, qtde","ticket, proceso, producción"
89,124,2,"flex, vendas, saldo","distribuição pedidos, markup, pedidos venda"
64,122,2,"lote mínimo, mínimo compra, qtde","abastecimento, ofs, materiais"
78,87,2,"plano produção, entrega, planos","reposição, ponto, estoque segurança"
62,79,2,"carta correção, mail assunto, nfs","email, envio, configuração"
58,98,2,"preço venda, cálculo, fpv","suprimentos compras, compra alteração, compras compra"
87,98,2,"reposição, ponto, estoque segurança","suprimentos compras, compra alteração, compras compra"
64,98,2,"lote mínimo, mínimo compra, qtde","suprimentos compras, compra alteração, compras compra"
69,87,2,"select, tabela, empresa","reposição, ponto, estoque segurança"
37,87,2,"grade, variação, tamanhos","reposição, ponto, estoque segurança"
94,108,2,"conversão, fator, fornecedor","importação, edi, arquivo"
109,135,2,"ticket, proceso, producción","remessa, industrialização, retorno"
59,80,2,"romaneio, saída, faturamento","assunto, mail, marcio"
119,133,2,"processo, recurso, relatório","planejamento, minutos, recurso"
24,29,2,"logs, job, tabelas","detalhamento teste, login, user"
69,97,2,"select, tabela, empresa","compras, necessidades, mrp"
24,28,2,"logs, job, tabelas","cotação, moeda, cotações"
5,95,2,"reg, status notas, brancos","arezzo, importação, rótulos"
5,26,2,"reg, status notas, brancos","saldo saldo, alterado, prev"
60,80,2,"grafdil, pessoa, franquia","assunto, mail, marcio"
15,127,2,"manutenção, preventiva, maquina","eficiência, eficiencia, recurso"
99,127,2,"qtde, medição, metragem","eficiência, eficiencia, recurso"
44,104,2,"engenharia, estruturação produto, desenvolvimento produto","operações, propriedade, tempo"
66,72,2,"link, http, kunden senha","ocorrida, sobre, situação"
103,115,2,"ora, mensagem, erro","planejamento, ofs, planos"
28,51,2,"cotação, moeda, cotações","medidora, barras, está lendo"
107,123,2,"apontamento, web, coletores","distribuição pedidos, entrega, vendas distribuição"
15,124,2,"manutenção, preventiva, maquina","distribuição pedidos, markup, pedidos venda"
15,42,2,"manutenção, preventiva, maquina","conjunto, marca, embalagem"
40,75,2,"aplicar regra, venda documentação, estrutura comercial","topificação utilizar, utilizar modelo, modelo topificação"
15,51,2,"manutenção, preventiva, maquina","medidora, barras, está lendo"
15,36,2,"manutenção, preventiva, maquina","características, categoria, configuração"
41,123,2,"lote, balanceado, quantidade","distribuição pedidos, entrega, vendas distribuição"
15,91,2,"manutenção, preventiva, maquina","fornecedor, wagner, nfs"
8,25,2,"bloco, industrialização, compra","caixas, aproveitamento, lote"
23,111,2,"satra, arquivo, ticket","semi, acabado, ofs"
91,109,2,"fornecedor, wagner, nfs","ticket, proceso, producción"
72,95,2,"ocorrida, sobre, situação","arezzo, importação, rótulos"
66,95,2,"link, http, kunden senha","arezzo, importação, rótulos"
31,118,2,"conta contábil, produtos fabricação, geração produtos","multitarefa, cep, apontamento"
6,39,2,"user, senha, acesso base","pegada, patchs, frigolaste"
29,66,2,"detalhamento teste, login, user","link, http, kunden senha"
13,29,2,"tag, obrig rejeição, chave acesso","detalhamento teste, login, user"
24,72,2,"logs, job, tabelas","ocorrida, sobre, situação"
93,116,1,"encerramento, estoque, períodos","consignação, depósito, operação"
1,52,1,"nao, dito, transcricao","custeio, custo, mês"
1,9,1,"nao, dito, transcricao","doccob, transportadora, conemb"
6,80,1,"user, senha, acesso base","assunto, mail, marcio"
9,57,1,"doccob, transportadora, conemb","calculo, fpv, tarifas"
24,106,1,"logs, job, tabelas","medida, unidade, primária"
45,126,1,"embarque, controle, rótulos","desconto, comissão, regra"
45,102,1,"embarque, controle, rótulos","rótulo, operação, coletor"
65,120,1,"ora, consolidar, bolsas operaciones","cartão, emissão, componente"
44,94,1,"engenharia, estruturação produto, desenvolvimento produto","conversão, fator, fornecedor"
36,90,1,"características, categoria, configuração","rendimento, custo, listar"
42,93,1,"conjunto, marca, embalagem","encerramento, estoque, períodos"
36,80,1,"características, categoria, configuração","assunto, mail, marcio"
43,57,1,"materiais, material, componente","calculo, fpv, tarifas"
38,63,1,"assunto alteração, alteração ficha, material","preço, ecommerce, precisa habilitar"
94,99,1,"conversão, fator, fornecedor","qtde, medição, metragem"
69,120,1,"select, tabela, empresa","cartão, emissão, componente"
43,69,1,"materiais, material, componente","select, tabela, empresa"
36,37,1,"características, categoria, configuração","grade, variação, tamanhos"
36,43,1,"características, categoria, configuração","materiais, material, componente"
36,89,1,"características, categoria, configuração","flex, vendas, saldo"
48,103,1,"produtos fabricação, geração produtos, fabricação quando","ora, mensagem, erro"
40,88,1,"aplicar regra, venda documentação, estrutura comercial","pré, recebimento, pre"
84,114,1,"sql, código, select","flush, back, baixa"
99,112,1,"qtde, medição, metragem","apontamento, fábrica lançamentos, talão"
103,113,1,"ora, mensagem, erro","fabricação talão, talão lote, apontamento ordem"
103,112,1,"ora, mensagem, erro","apontamento, fábrica lançamentos, talão"
21,78,1,"labelli, pegada, vocês","plano produção, entrega, planos"
29,112,1,"detalhamento teste, login, user","apontamento, fábrica lançamentos, talão"
100,112,1,"cri, inventariado, inventário","apontamento, fábrica lançamentos, talão"
41,106,1,"lote, balanceado, quantidade","medida, unidade, primária"
83,84,1,"cep, lançamento, controle indicador","sql, código, select"
51,112,1,"medidora, barras, está lendo","apontamento, fábrica lançamentos, talão"
84,110,1,"sql, código, select","formula, tinta, acabamento"
26,39,1,"saldo saldo, alterado, prev","pegada, patchs, frigolaste"
10,26,1,"codex clipboard, png, tecnica","saldo saldo, alterado, prev"
13,73,1,"tag, obrig rejeição, chave acesso","relatório, fiscal, gera nota"
110,115,1,"formula, tinta, acabamento","planejamento, ofs, planos"
106,120,1,"medida, unidade, primária","cartão, emissão, componente"
82,99,1,"inspeção, amostragem, cep","qtde, medição, metragem"
51,99,1,"medidora, barras, está lendo","qtde, medição, metragem"
80,90,1,"assunto, mail, marcio","rendimento, custo, listar"
73,123,1,"relatório, fiscal, gera nota","distribuição pedidos, entrega, vendas distribuição"
88,130,1,"pré, recebimento, pre","schneider, marcio, reni"
88,122,1,"pré, recebimento, pre","abastecimento, ofs, materiais"
20,44,1,"carteira, análise, relatório","engenharia, estruturação produto, desenvolvimento produto"
9,84,1,"doccob, transportadora, conemb","sql, código, select"
84,90,1,"sql, código, select","rendimento, custo, listar"
90,146,1,"rendimento, custo, listar","fiscais, notas, fiscal saída"
58,146,1,"preço venda, cálculo, fpv","fiscais, notas, fiscal saída"
90,106,1,"rendimento, custo, listar","medida, unidade, primária"
99,133,1,"qtde, medição, metragem","planejamento, minutos, recurso"
35,103,1,"rótulos, armazenamento, unidades","ora, mensagem, erro"
118,120,1,"multitarefa, cep, apontamento","cartão, emissão, componente"
122,133,1,"abastecimento, ofs, materiais","planejamento, minutos, recurso"
119,135,1,"processo, recurso, relatório","remessa, industrialização, retorno"
117,135,1,"apontamento, fábrica lançamentos, desvio","remessa, industrialização, retorno"
83,117,1,"cep, lançamento, controle indicador","apontamento, fábrica lançamentos, desvio"
22,69,1,"devolução, cep, evento","select, tabela, empresa"
69,133,1,"select, tabela, empresa","planejamento, minutos, recurso"
42,90,1,"conjunto, marca, embalagem","rendimento, custo, listar"
7,80,1,"gera emissão, emissão rótulo, rótulo unidade","assunto, mail, marcio"
88,99,1,"pré, recebimento, pre","qtde, medição, metragem"
99,134,1,"qtde, medição, metragem","encaixotamento liberação, talões, faturamento"
32,81,1,"recálculo, custeio, controladoria custos","descritivos técnicos, doc, relatório emissões"
23,90,1,"satra, arquivo, ticket","rendimento, custo, listar"
141,146,1,"retorno, industrialização deposito, depósito","fiscais, notas, fiscal saída"
7,73,1,"gera emissão, emissão rótulo, rótulo unidade","relatório, fiscal, gera nota"
136,150,1,"abastecimento, suprimentos planejamento, materiais","faturamento, rota, liberação pedidos"
122,134,1,"abastecimento, ofs, materiais","encaixotamento liberação, talões, faturamento"
34,115,1,"corrugado, rótulos, encaixotamento","planejamento, ofs, planos"
37,111,1,"grade, variação, tamanhos","semi, acabado, ofs"
37,58,1,"grade, variação, tamanhos","preço venda, cálculo, fpv"
37,135,1,"grade, variação, tamanhos","remessa, industrialização, retorno"
84,115,1,"sql, código, select","planejamento, ofs, planos"
41,42,1,"lote, balanceado, quantidade","conjunto, marca, embalagem"
41,97,1,"lote, balanceado, quantidade","compras, necessidades, mrp"
41,110,1,"lote, balanceado, quantidade","formula, tinta, acabamento"
111,138,1,"semi, acabado, ofs","plano mestre, mestre produção, planejamento"
69,139,1,"select, tabela, empresa","mestre produção, plano mestre, manufatura plano"
50,117,1,"custeio, couro, produto pronto","apontamento, fábrica lançamentos, desvio"
50,106,1,"custeio, couro, produto pronto","medida, unidade, primária"
31,52,1,"conta contábil, produtos fabricação, geração produtos","custeio, custo, mês"
39,73,1,"pegada, patchs, frigolaste","relatório, fiscal, gera nota"
119,137,1,"processo, recurso, relatório","centro custo, requisição, baixa"
80,93,1,"assunto, mail, marcio","encerramento, estoque, períodos"
40,101,1,"aplicar regra, venda documentação, estrutura comercial","suprimentos estoque, estoque lançamentos, estoque produto"
31,136,1,"conta contábil, produtos fabricação, geração produtos","abastecimento, suprimentos planejamento, materiais"
31,117,1,"conta contábil, produtos fabricação, geração produtos","apontamento, fábrica lançamentos, desvio"
48,135,1,"produtos fabricação, geração produtos, fabricação quando","remessa, industrialização, retorno"
48,111,1,"produtos fabricação, geração produtos, fabricação quando","semi, acabado, ofs"
48,106,1,"produtos fabricação, geração produtos, fabricação quando","medida, unidade, primária"
101,123,1,"suprimentos estoque, estoque lançamentos, estoque produto","distribuição pedidos, entrega, vendas distribuição"
69,80,1,"select, tabela, empresa","assunto, mail, marcio"
136,139,1,"abastecimento, suprimentos planejamento, materiais","mestre produção, plano mestre, manufatura plano"
84,122,1,"sql, código, select","abastecimento, ofs, materiais"
135,136,1,"remessa, industrialização, retorno","abastecimento, suprimentos planejamento, materiais"
109,130,1,"ticket, proceso, producción","schneider, marcio, reni"
9,108,1,"doccob, transportadora, conemb","importação, edi, arquivo"
11,62,1,"contra nota, abate, condena","carta correção, mail assunto, nfs"
62,84,1,"carta correção, mail assunto, nfs","sql, código, select"
31,56,1,"conta contábil, produtos fabricação, geração produtos","fpv, temporada, custo"
29,146,1,"detalhamento teste, login, user","fiscais, notas, fiscal saída"
143,144,1,"monitor, danfe, fiscais","sefaz, receita, nfs"
80,129,1,"assunto, mail, marcio","entrada, chave, nfs"
116,144,1,"consignação, depósito, operação","sefaz, receita, nfs"
52,137,1,"custeio, custo, mês","centro custo, requisição, baixa"
87,101,1,"reposição, ponto, estoque segurança","suprimentos estoque, estoque lançamentos, estoque produto"
52,80,1,"custeio, custo, mês","assunto, mail, marcio"
50,122,1,"custeio, couro, produto pronto","abastecimento, ofs, materiais"
32,136,1,"recálculo, custeio, controladoria custos","abastecimento, suprimentos planejamento, materiais"
46,101,1,"armazenagem, local, locais","suprimentos estoque, estoque lançamentos, estoque produto"
46,107,1,"armazenagem, local, locais","apontamento, web, coletores"
43,137,1,"materiais, material, componente","centro custo, requisição, baixa"
103,122,1,"ora, mensagem, erro","abastecimento, ofs, materiais"
49,122,1,"etiqueta, embalagem, painel","abastecimento, ofs, materiais"
46,102,1,"armazenagem, local, locais","rótulo, operação, coletor"
54,102,1,"painel embalagem, embalagem web, web painel","rótulo, operação, coletor"
116,134,1,"consignação, depósito, operação","encaixotamento liberação, talões, faturamento"
131,145,1,"ivendre, ios, valor mínimo","desconto, valor, liquido"
59,149,1,"romaneio, saída, faturamento","faturamento, liberação, estabelecimento"
46,116,1,"armazenagem, local, locais","consignação, depósito, operação"
45,107,1,"embarque, controle, rótulos","apontamento, web, coletores"
63,129,1,"preço, ecommerce, precisa habilitar","entrada, chave, nfs"
93,99,1,"encerramento, estoque, períodos","qtde, medição, metragem"
45,59,1,"embarque, controle, rótulos","romaneio, saída, faturamento"
129,147,1,"entrada, chave, nfs","recebimento notas, fiscal entrada, suprimentos recebimento"
144,148,1,"sefaz, receita, nfs","importação notas, xml, fiscais importação"
114,130,1,"flush, back, baixa","schneider, marcio, reni"
130,141,1,"schneider, marcio, reni","retorno, industrialização deposito, depósito"
148,149,1,"importação notas, xml, fiscais importação","faturamento, liberação, estabelecimento"
82,109,1,"inspeção, amostragem, cep","ticket, proceso, producción"
64,84,1,"lote mínimo, mínimo compra, qtde","sql, código, select"
82,147,1,"inspeção, amostragem, cep","recebimento notas, fiscal entrada, suprimentos recebimento"
17,51,1,"dígitos, ean, contentor","medidora, barras, está lendo"
45,144,1,"embarque, controle, rótulos","sefaz, receita, nfs"
135,144,1,"remessa, industrialização, retorno","sefaz, receita, nfs"
33,144,1,"manutenção industrial, transferência, máquina","sefaz, receita, nfs"
13,144,1,"tag, obrig rejeição, chave acesso","sefaz, receita, nfs"
29,144,1,"detalhamento teste, login, user","sefaz, receita, nfs"
14,146,1,"alíquota, ibs, cbs","fiscais, notas, fiscal saída"
129,148,1,"entrada, chave, nfs","importação notas, xml, fiscais importação"
88,135,1,"pré, recebimento, pre","remessa, industrialização, retorno"
31,68,1,"conta contábil, produtos fabricação, geração produtos","ora, into kunden, null into"
20,150,1,"carteira, análise, relatório","faturamento, rota, liberação pedidos"
20,80,1,"carteira, análise, relatório","assunto, mail, marcio"
20,31,1,"carteira, análise, relatório","conta contábil, produtos fabricação, geração produtos"
20,81,1,"carteira, análise, relatório","descritivos técnicos, doc, relatório emissões"
35,59,1,"rótulos, armazenamento, unidades","romaneio, saída, faturamento"
59,146,1,"romaneio, saída, faturamento","fiscais, notas, fiscal saída"
91,105,1,"fornecedor, wagner, nfs","estoque, reserva, localização"
46,70,1,"armazenagem, local, locais","rotulo, ler, caixa"
59,99,1,"romaneio, saída, faturamento","qtde, medição, metragem"
80,95,1,"assunto, mail, marcio","arezzo, importação, rótulos"
71,130,1,"impressora, navegador, impressão","schneider, marcio, reni"
100,135,1,"cri, inventariado, inventário","remessa, industrialização, retorno"
142,147,1,"retorno remessa, recebimento, industrialização","recebimento notas, fiscal entrada, suprimentos recebimento"
48,115,1,"produtos fabricação, geração produtos, fabricação quando","planejamento, ofs, planos"
104,115,1,"operações, propriedade, tempo","planejamento, ofs, planos"
109,133,1,"ticket, proceso, producción","planejamento, minutos, recurso"
92,115,1,"planejamento vendas, cota, carcaça","planejamento, ofs, planos"
72,115,1,"ocorrida, sobre, situação","planejamento, ofs, planos"
115,135,1,"planejamento, ofs, planos","remessa, industrialização, retorno"
41,133,1,"lote, balanceado, quantidade","planejamento, minutos, recurso"
80,119,1,"assunto, mail, marcio","processo, recurso, relatório"
64,133,1,"lote mínimo, mínimo compra, qtde","planejamento, minutos, recurso"
115,139,1,"planejamento, ofs, planos","mestre produção, plano mestre, manufatura plano"
21,87,1,"labelli, pegada, vocês","reposição, ponto, estoque segurança"
21,96,1,"labelli, pegada, vocês","instrução, embarque, cancelamento saldo"
138,140,1,"plano mestre, mestre produção, planejamento","plano mestre, mestre produção, relatório plano"
119,138,1,"processo, recurso, relatório","plano mestre, mestre produção, planejamento"
133,140,1,"planejamento, minutos, recurso","plano mestre, mestre produção, relatório plano"
110,136,1,"formula, tinta, acabamento","abastecimento, suprimentos planejamento, materiais"
68,118,1,"ora, into kunden, null into","multitarefa, cep, apontamento"
72,114,1,"ocorrida, sobre, situação","flush, back, baixa"
111,139,1,"semi, acabado, ofs","mestre produção, plano mestre, manufatura plano"
11,150,1,"contra nota, abate, condena","faturamento, rota, liberação pedidos"
42,120,1,"conjunto, marca, embalagem","cartão, emissão, componente"
34,43,1,"corrugado, rótulos, encaixotamento","materiais, material, componente"
72,73,1,"ocorrida, sobre, situação","relatório, fiscal, gera nota"
17,70,1,"dígitos, ean, contentor","rotulo, ler, caixa"
18,130,1,"gtin, ean, txt","schneider, marcio, reni"
95,130,1,"arezzo, importação, rótulos","schneider, marcio, reni"
17,72,1,"dígitos, ean, contentor","ocorrida, sobre, situação"
17,26,1,"dígitos, ean, contentor","saldo saldo, alterado, prev"
17,102,1,"dígitos, ean, contentor","rótulo, operação, coletor"
80,110,1,"assunto, mail, marcio","formula, tinta, acabamento"
112,120,1,"apontamento, fábrica lançamentos, talão","cartão, emissão, componente"
113,120,1,"fabricação talão, talão lote, apontamento ordem","cartão, emissão, componente"
42,111,1,"conjunto, marca, embalagem","semi, acabado, ofs"
42,122,1,"conjunto, marca, embalagem","abastecimento, ofs, materiais"
37,42,1,"grade, variação, tamanhos","conjunto, marca, embalagem"
42,95,1,"conjunto, marca, embalagem","arezzo, importação, rótulos"
38,58,1,"assunto alteração, alteração ficha, material","preço venda, cálculo, fpv"
64,97,1,"lote mínimo, mínimo compra, qtde","compras, necessidades, mrp"
70,120,1,"rotulo, ler, caixa","cartão, emissão, componente"
111,115,1,"semi, acabado, ofs","planejamento, ofs, planos"
72,133,1,"ocorrida, sobre, situação","planejamento, minutos, recurso"
72,122,1,"ocorrida, sobre, situação","abastecimento, ofs, materiais"
115,122,1,"planejamento, ofs, planos","abastecimento, ofs, materiais"
43,110,1,"materiais, material, componente","formula, tinta, acabamento"
102,108,1,"rótulo, operação, coletor","importação, edi, arquivo"
78,137,1,"plano produção, entrega, planos","centro custo, requisição, baixa"
97,133,1,"compras, necessidades, mrp","planejamento, minutos, recurso"
20,140,1,"carteira, análise, relatório","plano mestre, mestre produção, relatório plano"
80,102,1,"assunto, mail, marcio","rótulo, operação, coletor"
120,150,1,"cartão, emissão, componente","faturamento, rota, liberação pedidos"
52,99,1,"custeio, custo, mês","qtde, medição, metragem"
115,136,1,"planejamento, ofs, planos","abastecimento, suprimentos planejamento, materiais"
99,115,1,"qtde, medição, metragem","planejamento, ofs, planos"
34,101,1,"corrugado, rótulos, encaixotamento","suprimentos estoque, estoque lançamentos, estoque produto"
35,149,1,"rótulos, armazenamento, unidades","faturamento, liberação, estabelecimento"
35,98,1,"rótulos, armazenamento, unidades","suprimentos compras, compra alteração, compras compra"
35,137,1,"rótulos, armazenamento, unidades","centro custo, requisição, baixa"
35,139,1,"rótulos, armazenamento, unidades","mestre produção, plano mestre, manufatura plano"
34,74,1,"corrugado, rótulos, encaixotamento","controle acesso, aplicar ajuste, aplicação participará"
37,68,1,"grade, variação, tamanhos","ora, into kunden, null into"
7,35,1,"gera emissão, emissão rótulo, rótulo unidade","rótulos, armazenamento, unidades"
44,131,1,"engenharia, estruturação produto, desenvolvimento produto","ivendre, ios, valor mínimo"
46,100,1,"armazenagem, local, locais","cri, inventariado, inventário"
120,136,1,"cartão, emissão, componente","abastecimento, suprimentos planejamento, materiais"
29,89,1,"detalhamento teste, login, user","flex, vendas, saldo"
11,118,1,"contra nota, abate, condena","multitarefa, cep, apontamento"
49,119,1,"etiqueta, embalagem, painel","processo, recurso, relatório"
49,123,1,"etiqueta, embalagem, painel","distribuição pedidos, entrega, vendas distribuição"
27,54,1,"insumo, liq, prod","painel embalagem, embalagem web, web painel"
17,49,1,"dígitos, ean, contentor","etiqueta, embalagem, painel"
46,49,1,"armazenagem, local, locais","etiqueta, embalagem, painel"
85,116,1,"lotes, painel, fracionar","consignação, depósito, operação"
96,105,1,"instrução, embarque, cancelamento saldo","estoque, reserva, localização"
49,53,1,"etiqueta, embalagem, painel","painel, web, frigolaste"
64,85,1,"lote mínimo, mínimo compra, qtde","lotes, painel, fracionar"
24,89,1,"logs, job, tabelas","flex, vendas, saldo"
21,92,1,"labelli, pegada, vocês","planejamento vendas, cota, carcaça"
21,86,1,"labelli, pegada, vocês","estoque futuro, localização, produção estoque"
21,89,1,"labelli, pegada, vocês","flex, vendas, saldo"
21,80,1,"labelli, pegada, vocês","assunto, mail, marcio"
20,87,1,"carteira, análise, relatório","reposição, ponto, estoque segurança"
58,89,1,"preço venda, cálculo, fpv","flex, vendas, saldo"
21,124,1,"labelli, pegada, vocês","distribuição pedidos, markup, pedidos venda"
21,145,1,"labelli, pegada, vocês","desconto, valor, liquido"
21,62,1,"labelli, pegada, vocês","carta correção, mail assunto, nfs"
21,52,1,"labelli, pegada, vocês","custeio, custo, mês"
21,108,1,"labelli, pegada, vocês","importação, edi, arquivo"
22,72,1,"devolução, cep, evento","ocorrida, sobre, situação"
22,80,1,"devolução, cep, evento","assunto, mail, marcio"
110,114,1,"formula, tinta, acabamento","flush, back, baixa"
57,111,1,"calculo, fpv, tarifas","semi, acabado, ofs"
40,58,1,"aplicar regra, venda documentação, estrutura comercial","preço venda, cálculo, fpv"
56,78,1,"fpv, temporada, custo","plano produção, entrega, planos"
58,108,1,"preço venda, cálculo, fpv","importação, edi, arquivo"
51,57,1,"medidora, barras, está lendo","calculo, fpv, tarifas"
56,62,1,"fpv, temporada, custo","carta correção, mail assunto, nfs"
52,58,1,"custeio, custo, mês","preço venda, cálculo, fpv"
57,110,1,"calculo, fpv, tarifas","formula, tinta, acabamento"
58,80,1,"preço venda, cálculo, fpv","assunto, mail, marcio"
42,57,1,"conjunto, marca, embalagem","calculo, fpv, tarifas"
57,63,1,"calculo, fpv, tarifas","preço, ecommerce, precisa habilitar"
32,58,1,"recálculo, custeio, controladoria custos","preço venda, cálculo, fpv"
29,102,1,"detalhamento teste, login, user","rótulo, operação, coletor"
64,96,1,"lote mínimo, mínimo compra, qtde","instrução, embarque, cancelamento saldo"
96,101,1,"instrução, embarque, cancelamento saldo","suprimentos estoque, estoque lançamentos, estoque produto"
84,96,1,"sql, código, select","instrução, embarque, cancelamento saldo"
58,123,1,"preço venda, cálculo, fpv","distribuição pedidos, entrega, vendas distribuição"
25,67,1,"caixas, aproveitamento, lote","etiqueta, emissão, unidade produto"
103,118,1,"ora, mensagem, erro","multitarefa, cep, apontamento"
51,72,1,"medidora, barras, está lendo","ocorrida, sobre, situação"
51,71,1,"medidora, barras, está lendo","impressora, navegador, impressão"
21,103,1,"labelli, pegada, vocês","ora, mensagem, erro"
21,95,1,"labelli, pegada, vocês","arezzo, importação, rótulos"
36,108,1,"características, categoria, configuração","importação, edi, arquivo"
84,91,1,"sql, código, select","fornecedor, wagner, nfs"
31,91,1,"conta contábil, produtos fabricação, geração produtos","fornecedor, wagner, nfs"
29,78,1,"detalhamento teste, login, user","plano produção, entrega, planos"
78,96,1,"plano produção, entrega, planos","instrução, embarque, cancelamento saldo"
80,96,1,"assunto, mail, marcio","instrução, embarque, cancelamento saldo"
108,131,1,"importação, edi, arquivo","ivendre, ios, valor mínimo"
79,121,1,"email, envio, configuração","ivendre, fotos, ios"
125,149,1,"representante, entrega, preços","faturamento, liberação, estabelecimento"
8,42,1,"bloco, industrialização, compra","conjunto, marca, embalagem"
120,131,1,"cartão, emissão, componente","ivendre, ios, valor mínimo"
29,123,1,"detalhamento teste, login, user","distribuição pedidos, entrega, vendas distribuição"
47,145,1,"rentabilidade, inicialização, venda","desconto, valor, liquido"
43,135,1,"materiais, material, componente","remessa, industrialização, retorno"
98,128,1,"suprimentos compras, compra alteração, compras compra","crédito, risco, analise"
20,128,1,"carteira, análise, relatório","crédito, risco, analise"
64,123,1,"lote mínimo, mínimo compra, qtde","distribuição pedidos, entrega, vendas distribuição"
123,149,1,"distribuição pedidos, entrega, vendas distribuição","faturamento, liberação, estabelecimento"
44,67,1,"engenharia, estruturação produto, desenvolvimento produto","etiqueta, emissão, unidade produto"
78,130,1,"plano produção, entrega, planos","schneider, marcio, reni"
78,125,1,"plano produção, entrega, planos","representante, entrega, preços"
78,104,1,"plano produção, entrega, planos","operações, propriedade, tempo"
105,128,1,"estoque, reserva, localização","crédito, risco, analise"
20,58,1,"carteira, análise, relatório","preço venda, cálculo, fpv"
123,139,1,"distribuição pedidos, entrega, vendas distribuição","mestre produção, plano mestre, manufatura plano"
121,126,1,"ivendre, fotos, ios","desconto, comissão, regra"
121,125,1,"ivendre, fotos, ios","representante, entrega, preços"
99,107,1,"qtde, medição, metragem","apontamento, web, coletores"
26,68,1,"saldo saldo, alterado, prev","ora, into kunden, null into"
99,130,1,"qtde, medição, metragem","schneider, marcio, reni"
102,107,1,"rótulo, operação, coletor","apontamento, web, coletores"
89,125,1,"flex, vendas, saldo","representante, entrega, preços"
79,125,1,"email, envio, configuração","representante, entrega, preços"
6,121,1,"user, senha, acesso base","ivendre, fotos, ios"
60,66,1,"grafdil, pessoa, franquia","link, http, kunden senha"
80,131,1,"assunto, mail, marcio","ivendre, ios, valor mínimo"
20,134,1,"carteira, análise, relatório","encaixotamento liberação, talões, faturamento"
20,101,1,"carteira, análise, relatório","suprimentos estoque, estoque lançamentos, estoque produto"
44,123,1,"engenharia, estruturação produto, desenvolvimento produto","distribuição pedidos, entrega, vendas distribuição"
20,49,1,"carteira, análise, relatório","etiqueta, embalagem, painel"
6,66,1,"user, senha, acesso base","link, http, kunden senha"
15,72,1,"manutenção, preventiva, maquina","ocorrida, sobre, situação"
40,44,1,"aplicar regra, venda documentação, estrutura comercial","engenharia, estruturação produto, desenvolvimento produto"
82,133,1,"inspeção, amostragem, cep","planejamento, minutos, recurso"
82,104,1,"inspeção, amostragem, cep","operações, propriedade, tempo"
82,107,1,"inspeção, amostragem, cep","apontamento, web, coletores"
60,107,1,"grafdil, pessoa, franquia","apontamento, web, coletores"
45,53,1,"embarque, controle, rótulos","painel, web, frigolaste"
16,25,1,"controle embarque, embarque web, fiscais controle","caixas, aproveitamento, lote"
45,70,1,"embarque, controle, rótulos","rotulo, ler, caixa"
29,45,1,"detalhamento teste, login, user","embarque, controle, rótulos"
48,85,1,"produtos fabricação, geração produtos, fabricação quando","lotes, painel, fracionar"
53,55,1,"painel, web, frigolaste","painel, web, abate"
70,85,1,"rotulo, ler, caixa","lotes, painel, fracionar"
78,85,1,"plano produção, entrega, planos","lotes, painel, fracionar"
60,128,1,"grafdil, pessoa, franquia","crédito, risco, analise"
60,84,1,"grafdil, pessoa, franquia","sql, código, select"
47,58,1,"rentabilidade, inicialização, venda","preço venda, cálculo, fpv"
64,126,1,"lote mínimo, mínimo compra, qtde","desconto, comissão, regra"
40,63,1,"aplicar regra, venda documentação, estrutura comercial","preço, ecommerce, precisa habilitar"
131,149,1,"ivendre, ios, valor mínimo","faturamento, liberação, estabelecimento"
44,149,1,"engenharia, estruturação produto, desenvolvimento produto","faturamento, liberação, estabelecimento"
92,97,1,"planejamento vendas, cota, carcaça","compras, necessidades, mrp"
29,92,1,"detalhamento teste, login, user","planejamento vendas, cota, carcaça"
92,105,1,"planejamento vendas, cota, carcaça","estoque, reserva, localização"
92,121,1,"planejamento vendas, cota, carcaça","ivendre, fotos, ios"
42,109,1,"conjunto, marca, embalagem","ticket, proceso, producción"
89,123,1,"flex, vendas, saldo","distribuição pedidos, entrega, vendas distribuição"
89,146,1,"flex, vendas, saldo","fiscais, notas, fiscal saída"
20,98,1,"carteira, análise, relatório","suprimentos compras, compra alteração, compras compra"
64,79,1,"lote mínimo, mínimo compra, qtde","email, envio, configuração"
58,94,1,"preço venda, cálculo, fpv","conversão, fator, fornecedor"
79,95,1,"email, envio, configuração","arezzo, importação, rótulos"
98,124,1,"suprimentos compras, compra alteração, compras compra","distribuição pedidos, markup, pedidos venda"
94,109,1,"conversão, fator, fornecedor","ticket, proceso, producción"
47,149,1,"rentabilidade, inicialização, venda","faturamento, liberação, estabelecimento"
94,123,1,"conversão, fator, fornecedor","distribuição pedidos, entrega, vendas distribuição"
79,105,1,"email, envio, configuração","estoque, reserva, localização"
64,139,1,"lote mínimo, mínimo compra, qtde","mestre produção, plano mestre, manufatura plano"
34,84,1,"corrugado, rótulos, encaixotamento","sql, código, select"
86,103,1,"estoque futuro, localização, produção estoque","ora, mensagem, erro"
87,97,1,"reposição, ponto, estoque segurança","compras, necessidades, mrp"
68,138,1,"ora, into kunden, null into","plano mestre, mestre produção, planejamento"
68,105,1,"ora, into kunden, null into","estoque, reserva, localização"
42,68,1,"conjunto, marca, embalagem","ora, into kunden, null into"
87,100,1,"reposição, ponto, estoque segurança","cri, inventariado, inventário"
88,105,1,"pré, recebimento, pre","estoque, reserva, localização"
98,136,1,"suprimentos compras, compra alteração, compras compra","abastecimento, suprimentos planejamento, materiais"
88,94,1,"pré, recebimento, pre","conversão, fator, fornecedor"
93,136,1,"encerramento, estoque, períodos","abastecimento, suprimentos planejamento, materiais"
80,87,1,"assunto, mail, marcio","reposição, ponto, estoque segurança"
81,87,1,"descritivos técnicos, doc, relatório emissões","reposição, ponto, estoque segurança"
78,122,1,"plano produção, entrega, planos","abastecimento, ofs, materiais"
16,123,1,"controle embarque, embarque web, fiscais controle","distribuição pedidos, entrega, vendas distribuição"
80,140,1,"assunto, mail, marcio","plano mestre, mestre produção, relatório plano"
124,138,1,"distribuição pedidos, markup, pedidos venda","plano mestre, mestre produção, planejamento"
63,64,1,"preço, ecommerce, precisa habilitar","lote mínimo, mínimo compra, qtde"
69,98,1,"select, tabela, empresa","suprimentos compras, compra alteração, compras compra"
102,135,1,"rótulo, operação, coletor","remessa, industrialização, retorno"
135,149,1,"remessa, industrialização, retorno","faturamento, liberação, estabelecimento"
93,109,1,"encerramento, estoque, períodos","ticket, proceso, producción"
8,135,1,"bloco, industrialização, compra","remessa, industrialização, retorno"
8,103,1,"bloco, industrialização, compra","ora, mensagem, erro"
79,100,1,"email, envio, configuração","cri, inventariado, inventário"
4,24,1,"pdv, caixa, kunden","logs, job, tabelas"
15,87,1,"manutenção, preventiva, maquina","reposição, ponto, estoque segurança"
68,84,1,"ora, into kunden, null into","sql, código, select"
36,84,1,"características, categoria, configuração","sql, código, select"
32,94,1,"recálculo, custeio, controladoria custos","conversão, fator, fornecedor"
22,105,1,"devolução, cep, evento","estoque, reserva, localização"
24,108,1,"logs, job, tabelas","importação, edi, arquivo"
24,124,1,"logs, job, tabelas","distribuição pedidos, markup, pedidos venda"
24,48,1,"logs, job, tabelas","produtos fabricação, geração produtos, fabricação quando"
24,37,1,"logs, job, tabelas","grade, variação, tamanhos"
28,107,1,"cotação, moeda, cotações","apontamento, web, coletores"
28,98,1,"cotação, moeda, cotações","suprimentos compras, compra alteração, compras compra"
5,30,1,"reg, status notas, brancos","composto, documentação processos, transferência"
9,19,1,"doccob, transportadora, conemb","cnpj, pessoas, jurídicas"
24,129,1,"logs, job, tabelas","entrada, chave, nfs"
24,103,1,"logs, job, tabelas","ora, mensagem, erro"
69,75,1,"select, tabela, empresa","topificação utilizar, utilizar modelo, modelo topificação"
15,69,1,"manutenção, preventiva, maquina","select, tabela, empresa"
19,60,1,"cnpj, pessoas, jurídicas","grafdil, pessoa, franquia"
19,56,1,"cnpj, pessoas, jurídicas","fpv, temporada, custo"
19,130,1,"cnpj, pessoas, jurídicas","schneider, marcio, reni"
40,120,1,"aplicar regra, venda documentação, estrutura comercial","cartão, emissão, componente"
40,124,1,"aplicar regra, venda documentação, estrutura comercial","distribuição pedidos, markup, pedidos venda"
55,127,1,"painel, web, abate","eficiência, eficiencia, recurso"
48,84,1,"produtos fabricação, geração produtos, fabricação quando","sql, código, select"
95,104,1,"arezzo, importação, rótulos","operações, propriedade, tempo"
104,137,1,"operações, propriedade, tempo","centro custo, requisição, baixa"
84,118,1,"sql, código, select","multitarefa, cep, apontamento"
103,107,1,"ora, mensagem, erro","apontamento, web, coletores"
7,51,1,"gera emissão, emissão rótulo, rótulo unidade","medidora, barras, está lendo"
51,103,1,"medidora, barras, está lendo","ora, mensagem, erro"
29,131,1,"detalhamento teste, login, user","ivendre, ios, valor mínimo"
99,103,1,"qtde, medição, metragem","ora, mensagem, erro"
79,103,1,"email, envio, configuração","ora, mensagem, erro"
60,68,1,"grafdil, pessoa, franquia","ora, into kunden, null into"
68,109,1,"ora, into kunden, null into","ticket, proceso, producción"
65,68,1,"ora, consolidar, bolsas operaciones","ora, into kunden, null into"
23,24,1,"satra, arquivo, ticket","logs, job, tabelas"
84,103,1,"sql, código, select","ora, mensagem, erro"
23,29,1,"satra, arquivo, ticket","detalhamento teste, login, user"
23,95,1,"satra, arquivo, ticket","arezzo, importação, rótulos"
9,143,1,"doccob, transportadora, conemb","monitor, danfe, fiscais"
2,9,1,"revisão, painel, fracionamento","doccob, transportadora, conemb"
9,99,1,"doccob, transportadora, conemb","qtde, medição, metragem"
29,108,1,"detalhamento teste, login, user","importação, edi, arquivo"
98,108,1,"suprimentos compras, compra alteração, compras compra","importação, edi, arquivo"
9,106,1,"doccob, transportadora, conemb","medida, unidade, primária"
26,109,1,"saldo saldo, alterado, prev","ticket, proceso, producción"
107,136,1,"apontamento, web, coletores","abastecimento, suprimentos planejamento, materiais"
49,107,1,"etiqueta, embalagem, painel","apontamento, web, coletores"
68,107,1,"ora, into kunden, null into","apontamento, web, coletores"
101,107,1,"suprimentos estoque, estoque lançamentos, estoque produto","apontamento, web, coletores"
80,83,1,"assunto, mail, marcio","cep, lançamento, controle indicador"
52,119,1,"custeio, custo, mês","processo, recurso, relatório"
22,120,1,"devolução, cep, evento","cartão, emissão, componente"
22,118,1,"devolução, cep, evento","multitarefa, cep, apontamento"
15,75,1,"manutenção, preventiva, maquina","topificação utilizar, utilizar modelo, modelo topificação"
15,99,1,"manutenção, preventiva, maquina","qtde, medição, metragem"
2,26,1,"revisão, painel, fracionamento","saldo saldo, alterado, prev"
15,26,1,"manutenção, preventiva, maquina","saldo saldo, alterado, prev"
26,105,1,"saldo saldo, alterado, prev","estoque, reserva, localização"
15,19,1,"manutenção, preventiva, maquina","cnpj, pessoas, jurídicas"
15,117,1,"manutenção, preventiva, maquina","apontamento, fábrica lançamentos, desvio"
103,111,1,"ora, mensagem, erro","semi, acabado, ofs"
33,84,1,"manutenção industrial, transferência, máquina","sql, código, select"
15,106,1,"manutenção, preventiva, maquina","medida, unidade, primária"
15,58,1,"manutenção, preventiva, maquina","preço venda, cálculo, fpv"
15,112,1,"manutenção, preventiva, maquina","apontamento, fábrica lançamentos, talão"
20,48,1,"carteira, análise, relatório","produtos fabricação, geração produtos, fabricação quando"
20,69,1,"carteira, análise, relatório","select, tabela, empresa"
20,103,1,"carteira, análise, relatório","ora, mensagem, erro"
66,81,1,"link, http, kunden senha","descritivos técnicos, doc, relatório emissões"
91,99,1,"fornecedor, wagner, nfs","qtde, medição, metragem"
84,150,1,"sql, código, select","faturamento, rota, liberação pedidos"
25,123,1,"caixas, aproveitamento, lote","distribuição pedidos, entrega, vendas distribuição"
8,98,1,"bloco, industrialização, compra","suprimentos compras, compra alteração, compras compra"
34,92,1,"corrugado, rótulos, encaixotamento","planejamento vendas, cota, carcaça"
91,96,1,"fornecedor, wagner, nfs","instrução, embarque, cancelamento saldo"
35,41,1,"rótulos, armazenamento, unidades","lote, balanceado, quantidade"
20,52,1,"carteira, análise, relatório","custeio, custo, mês"
52,90,1,"custeio, custo, mês","rendimento, custo, listar"
20,32,1,"carteira, análise, relatório","recálculo, custeio, controladoria custos"
21,109,1,"labelli, pegada, vocês","ticket, proceso, producción"
2,23,1,"revisão, painel, fracionamento","satra, arquivo, ticket"
23,136,1,"satra, arquivo, ticket","abastecimento, suprimentos planejamento, materiais"
23,99,1,"satra, arquivo, ticket","qtde, medição, metragem"
109,110,1,"ticket, proceso, producción","formula, tinta, acabamento"
23,43,1,"satra, arquivo, ticket","materiais, material, componente"
23,110,1,"satra, arquivo, ticket","formula, tinta, acabamento"
48,109,1,"produtos fabricação, geração produtos, fabricação quando","ticket, proceso, producción"
30,41,1,"composto, documentação processos, transferência","lote, balanceado, quantidade"
72,109,1,"ocorrida, sobre, situação","ticket, proceso, producción"
25,108,1,"caixas, aproveitamento, lote","importação, edi, arquivo"
109,111,1,"ticket, proceso, producción","semi, acabado, ofs"
59,120,1,"romaneio, saída, faturamento","cartão, emissão, componente"
95,135,1,"arezzo, importação, rótulos","remessa, industrialização, retorno"
78,95,1,"plano produção, entrega, planos","arezzo, importação, rótulos"
95,128,1,"arezzo, importação, rótulos","crédito, risco, analise"
68,95,1,"ora, into kunden, null into","arezzo, importação, rótulos"
95,108,1,"arezzo, importação, rótulos","importação, edi, arquivo"
95,143,1,"arezzo, importação, rótulos","monitor, danfe, fiscais"
50,118,1,"custeio, couro, produto pronto","multitarefa, cep, apontamento"
50,134,1,"custeio, couro, produto pronto","encaixotamento liberação, talões, faturamento"
31,50,1,"conta contábil, produtos fabricação, geração produtos","custeio, couro, produto pronto"
53,83,1,"painel, web, frigolaste","cep, lançamento, controle indicador"
53,124,1,"painel, web, frigolaste","distribuição pedidos, markup, pedidos venda"
83,108,1,"cep, lançamento, controle indicador","importação, edi, arquivo"
68,139,1,"ora, into kunden, null into","mestre produção, plano mestre, manufatura plano"
6,131,1,"user, senha, acesso base","ivendre, ios, valor mínimo"
66,101,1,"link, http, kunden senha","suprimentos estoque, estoque lançamentos, estoque produto"
29,120,1,"detalhamento teste, login, user","cartão, emissão, componente"
14,26,1,"alíquota, ibs, cbs","saldo saldo, alterado, prev"
12,26,1,"cbs, ibs, monofásica","saldo saldo, alterado, prev"
14,29,1,"alíquota, ibs, cbs","detalhamento teste, login, user"
29,147,1,"detalhamento teste, login, user","recebimento notas, fiscal entrada, suprimentos recebimento"
9,29,1,"doccob, transportadora, conemb","detalhamento teste, login, user"
29,35,1,"detalhamento teste, login, user","rótulos, armazenamento, unidades"
29,85,1,"detalhamento teste, login, user","lotes, painel, fracionar"
29,107,1,"detalhamento teste, login, user","apontamento, web, coletores"
29,130,1,"detalhamento teste, login, user","schneider, marcio, reni"
75,123,1,"topificação utilizar, utilizar modelo, modelo topificação","distribuição pedidos, entrega, vendas distribuição"
27,80,1,"insumo, liq, prod","assunto, mail, marcio"
24,75,1,"logs, job, tabelas","topificação utilizar, utilizar modelo, modelo topificação"
9,28,1,"doccob, transportadora, conemb","cotação, moeda, cotações"
45,46,1,"embarque, controle, rótulos","armazenagem, local, locais"
21,29,1,"labelli, pegada, vocês","detalhamento teste, login, user"
